company,ticker,fiscal_year,n_ai_sentences_8k,ai_sentiment_8k,n_ai_sentences_10k,ai_sentiment_10k,sentiment_distance,flag,8k_doc_id,8k_filing_date,10k_doc_id,8k_url,10k_url
INTERNATIONAL BUSINESS MACHINES CORP,IBM,2026,0,,9,0.0443,,LOW_AI_SENTENCE_COUNT,b48de0cec6182322,2026-01-30,a531b26691c75309,https://www.sec.gov/Archives/edgar/data/51143/000005114326000006/ex991pressreleasedatedjanu.htm,https://www.sec.gov/Archives/edgar/data/51143/000005114326000010/ibm-20251231.htm
INTERNATIONAL BUSINESS MACHINES CORP,IBM,2026,7,0.1919,9,0.0443,0.1475,,8b9bc41b68d5ddbc; 111695d8da4d1ab1,2026-01-28,a531b26691c75309,https://www.sec.gov/Archives/edgar/data/51143/000005114326000004/ibm-20260128xex991.htm; https://www.sec.gov/Archives/edgar/data/51143/000005114326000004/ibm-20260128xex992.htm,https://www.sec.gov/Archives/edgar/data/51143/000005114326000010/ibm-20251231.htm
INTERNATIONAL BUSINESS MACHINES CORP,IBM,2026,39,0.6659,9,0.0443,0.6216,,343f5759b4c07e25; c1da98778aedb5ce,2025-10-23,a531b26691c75309,https://www.sec.gov/Archives/edgar/data/51143/000005114325000063/ibm_ex991.htm; https://www.sec.gov/Archives/edgar/data/51143/000005114325000063/ibm_ex992.htm,https://www.sec.gov/Archives/edgar/data/51143/000005114326000010/ibm-20251231.htm
INTERNATIONAL BUSINESS MACHINES CORP,IBM,2026,8,0.3428,9,0.0443,0.2985,,70d36c2e279b61b4; 7335377dbaf121a7,2025-10-22,a531b26691c75309,https://www.sec.gov/Archives/edgar/data/51143/000005114325000061/ibm-20251022xex991.htm; https://www.sec.gov/Archives/edgar/data/51143/000005114325000061/ibm-20251022xex992.htm,https://www.sec.gov/Archives/edgar/data/51143/000005114326000010/ibm-20251231.htm
INTERNATIONAL BUSINESS MACHINES CORP,IBM,2026,39,0.6354,9,0.0443,0.5911,,eff4672ff47e8b28; 8c8c750216a246ac,2025-07-24,a531b26691c75309,https://www.sec.gov/Archives/edgar/data/51143/000005114325000051/ibm-ex99x1.htm; https://www.sec.gov/Archives/edgar/data/51143/000005114325000051/ibm-ex99x2.htm,https://www.sec.gov/Archives/edgar/data/51143/000005114326000010/ibm-20251231.htm
INTERNATIONAL BUSINESS MACHINES CORP,IBM,2026,9,0.4263,9,0.0443,0.382,,2f19ba27f5d40f94; 93f2ddf5798a1c1a,2025-07-23,a531b26691c75309,https://www.sec.gov/Archives/edgar/data/51143/000005114325000048/ibm-20250723xex991.htm; https://www.sec.gov/Archives/edgar/data/51143/000005114325000048/ibm-20250723xex992.htm,https://www.sec.gov/Archives/edgar/data/51143/000005114326000010/ibm-20251231.htm
INTERNATIONAL BUSINESS MACHINES CORP,IBM,2026,0,,9,0.0443,,LOW_AI_SENTENCE_COUNT,c47519d518e67dc1,2025-04-29,a531b26691c75309,https://www.sec.gov/Archives/edgar/data/51143/000005114325000035/ibmex99-1.htm,https://www.sec.gov/Archives/edgar/data/51143/000005114326000010/ibm-20251231.htm
INTERNATIONAL BUSINESS MACHINES CORP,IBM,2026,27,0.6101,9,0.0443,0.5658,,e4adf13b6e6bc68b; 058d944d4dc5c10d,2025-04-24,a531b26691c75309,https://www.sec.gov/Archives/edgar/data/51143/000005114325000031/ibmex99-1.htm; https://www.sec.gov/Archives/edgar/data/51143/000005114325000031/ibmex99-2.htm,https://www.sec.gov/Archives/edgar/data/51143/000005114326000010/ibm-20251231.htm
INTERNATIONAL BUSINESS MACHINES CORP,IBM,2026,6,0.3198,9,0.0443,0.2755,,90f3155a3e44c5be; 54e0423d9deff04c,2025-04-23,a531b26691c75309,https://www.sec.gov/Archives/edgar/data/51143/000005114325000026/ibm-20250423xex991.htm; https://www.sec.gov/Archives/edgar/data/51143/000005114325000026/ibm-20250423xex992.htm,https://www.sec.gov/Archives/edgar/data/51143/000005114326000010/ibm-20251231.htm
INTERNATIONAL BUSINESS MACHINES CORP,IBM,2026,13,0.309,9,0.0443,0.2647,,7771a7133d2eddaf,2025-03-12,a531b26691c75309,https://www.sec.gov/Archives/edgar/data/51143/000005114325000018/ibm-ex99x1.htm,https://www.sec.gov/Archives/edgar/data/51143/000005114326000010/ibm-20251231.htm
INTERNATIONAL BUSINESS MACHINES CORP,IBM,2025,3,0.0032,10,-0.0094,0.0126,LOW_AI_SENTENCE_COUNT,180c9c15eae97992,2025-02-04,33d93dc87232bd2c,https://www.sec.gov/Archives/edgar/data/51143/000005114325000010/ibm-ex99_1.htm,https://www.sec.gov/Archives/edgar/data/51143/000005114325000015/ibm-20241231.htm
INTERNATIONAL BUSINESS MACHINES CORP,IBM,2025,36,0.6704,10,-0.0094,0.6798,,ed8efe700828519a; 32ec0b354f1670d5,2025-01-30,33d93dc87232bd2c,https://www.sec.gov/Archives/edgar/data/51143/000005114325000007/ibm_ex99x1.htm; https://www.sec.gov/Archives/edgar/data/51143/000005114325000007/ibm_ex99x2.htm,https://www.sec.gov/Archives/edgar/data/51143/000005114325000015/ibm-20241231.htm
INTERNATIONAL BUSINESS MACHINES CORP,IBM,2025,7,0.3584,10,-0.0094,0.3678,,cc17488b042fb6a2; df5009af60345014,2025-01-29,33d93dc87232bd2c,https://www.sec.gov/Archives/edgar/data/51143/000005114325000005/ibm-20250129xex991.htm; https://www.sec.gov/Archives/edgar/data/51143/000005114325000005/ibm-20250129xex992.htm,https://www.sec.gov/Archives/edgar/data/51143/000005114325000015/ibm-20241231.htm
INTERNATIONAL BUSINESS MACHINES CORP,IBM,2025,0,,10,-0.0094,,LOW_AI_SENTENCE_COUNT,7b91a6482c9a86e7,2024-12-09,33d93dc87232bd2c,https://www.sec.gov/Archives/edgar/data/51143/000005114324000052/form8-k4q24ex991120924.htm,https://www.sec.gov/Archives/edgar/data/51143/000005114325000015/ibm-20241231.htm
INTERNATIONAL BUSINESS MACHINES CORP,IBM,2025,40,0.5815,10,-0.0094,0.5909,,b90c25d15d8a73ce; 487e014e32dd7a15,2024-10-24,33d93dc87232bd2c,https://www.sec.gov/Archives/edgar/data/51143/000005114324000045/ex-991.htm; https://www.sec.gov/Archives/edgar/data/51143/000005114324000045/ex-992.htm,https://www.sec.gov/Archives/edgar/data/51143/000005114325000015/ibm-20241231.htm
INTERNATIONAL BUSINESS MACHINES CORP,IBM,2025,7,0.4018,10,-0.0094,0.4112,,40778a55f1792e39; e2cea740eefa1526,2024-10-23,33d93dc87232bd2c,https://www.sec.gov/Archives/edgar/data/51143/000005114324000043/ibm-20241023xex991.htm; https://www.sec.gov/Archives/edgar/data/51143/000005114324000043/ibm-20241023xex992.htm,https://www.sec.gov/Archives/edgar/data/51143/000005114325000015/ibm-20241231.htm
INTERNATIONAL BUSINESS MACHINES CORP,IBM,2025,54,0.4193,10,-0.0094,0.4287,,4264c8bc8fb3dc0f; 3b401d39ef81b05c,2024-07-25,33d93dc87232bd2c,https://www.sec.gov/Archives/edgar/data/51143/000005114324000035/a2q24-ex991.htm; https://www.sec.gov/Archives/edgar/data/51143/000005114324000035/a2q24-ex992.htm,https://www.sec.gov/Archives/edgar/data/51143/000005114325000015/ibm-20241231.htm
INTERNATIONAL BUSINESS MACHINES CORP,IBM,2025,5,0.3732,10,-0.0094,0.3826,,24bbeee04157b36a; 52aeebc8498bef0d,2024-07-24,33d93dc87232bd2c,https://www.sec.gov/Archives/edgar/data/51143/000005114324000033/ibm-20240724xex991.htm; https://www.sec.gov/Archives/edgar/data/51143/000005114324000033/ibm-20240724xex992.htm,https://www.sec.gov/Archives/edgar/data/51143/000005114325000015/ibm-20241231.htm
INTERNATIONAL BUSINESS MACHINES CORP,IBM,2025,59,0.5591,10,-0.0094,0.5685,,fa14657bee81c9d0; e6183e840076e5a2,2024-04-25,33d93dc87232bd2c,https://www.sec.gov/Archives/edgar/data/51143/000005114324000021/a1q24-ex99x1.htm; https://www.sec.gov/Archives/edgar/data/51143/000005114324000021/a1q24-ex99x2.htm,https://www.sec.gov/Archives/edgar/data/51143/000005114325000015/ibm-20241231.htm
INTERNATIONAL BUSINESS MACHINES CORP,IBM,2025,7,0.6609,10,-0.0094,0.6703,,9aae4ee6abb0bbcb; 4e669863cc807e0d,2024-04-24,33d93dc87232bd2c,https://www.sec.gov/Archives/edgar/data/51143/000005114324000018/ibm-20240424xex991.htm; https://www.sec.gov/Archives/edgar/data/51143/000005114324000018/ibm-20240424xex992.htm,https://www.sec.gov/Archives/edgar/data/51143/000005114325000015/ibm-20241231.htm
INTERNATIONAL BUSINESS MACHINES CORP,IBM,2024,1,0.6352,3,-0.1743,0.8095,LOW_AI_SENTENCE_COUNT,a8e0bd690044b859,2024-02-26,04d2599aee71ac54,https://www.sec.gov/Archives/edgar/data/51143/000110465924027204/tm247131d1_ex99-1.htm,https://www.sec.gov/Archives/edgar/data/51143/000005114324000012/ibm-20231231.htm
INTERNATIONAL BUSINESS MACHINES CORP,IBM,2024,38,0.532,3,-0.1743,0.7062,LOW_AI_SENTENCE_COUNT,18e72f96d3aaf691; be011368857a7b8f,2024-01-25,04d2599aee71ac54,https://www.sec.gov/Archives/edgar/data/51143/000005114324000007/ex991.htm; https://www.sec.gov/Archives/edgar/data/51143/000005114324000007/ex992.htm,https://www.sec.gov/Archives/edgar/data/51143/000005114324000012/ibm-20231231.htm
INTERNATIONAL BUSINESS MACHINES CORP,IBM,2024,3,0.625,3,-0.1743,0.7993,LOW_AI_SENTENCE_COUNT,4f7a2ce08ec092ec; 76539d99a526078d,2024-01-24,04d2599aee71ac54,https://www.sec.gov/Archives/edgar/data/51143/000005114324000004/ibm-20240124xex991.htm; https://www.sec.gov/Archives/edgar/data/51143/000005114324000004/ibm-20240124xex992.htm,https://www.sec.gov/Archives/edgar/data/51143/000005114324000012/ibm-20231231.htm
INTERNATIONAL BUSINESS MACHINES CORP,IBM,2024,0,,3,-0.1743,,LOW_AI_SENTENCE_COUNT,30f96b91e2b54cdc,2023-12-12,04d2599aee71ac54,https://www.sec.gov/Archives/edgar/data/51143/000110465923125363/tm2332699d1_ex99-1.htm,https://www.sec.gov/Archives/edgar/data/51143/000005114324000012/ibm-20231231.htm
INTERNATIONAL BUSINESS MACHINES CORP,IBM,2024,1,0.8642,3,-0.1743,1.0385,LOW_AI_SENTENCE_COUNT,314c80691a2e91ca; 332ad4d7409d5895,2023-10-25,04d2599aee71ac54,https://www.sec.gov/Archives/edgar/data/51143/000005114323000026/ibm-20231025xex991.htm; https://www.sec.gov/Archives/edgar/data/51143/000005114323000026/ibm-20231025xex992.htm,https://www.sec.gov/Archives/edgar/data/51143/000005114324000012/ibm-20231231.htm
INTERNATIONAL BUSINESS MACHINES CORP,IBM,2024,0,,3,-0.1743,,LOW_AI_SENTENCE_COUNT,5606aa0f32a04d2c,2023-07-31,04d2599aee71ac54,https://www.sec.gov/Archives/edgar/data/51143/000110465923085847/tm2322351d1_ex99-1.htm,https://www.sec.gov/Archives/edgar/data/51143/000005114324000012/ibm-20231231.htm
INTERNATIONAL BUSINESS MACHINES CORP,IBM,2024,39,0.5041,3,-0.1743,0.6784,LOW_AI_SENTENCE_COUNT,4990deffd27d7d87; fcdeb3bf8dff04be,2023-07-20,04d2599aee71ac54,https://www.sec.gov/Archives/edgar/data/51143/000005114323000015/ibm-2023x07x20xex991.htm; https://www.sec.gov/Archives/edgar/data/51143/000005114323000015/ibm-2023x07x20xex992.htm,https://www.sec.gov/Archives/edgar/data/51143/000005114324000012/ibm-20231231.htm
INTERNATIONAL BUSINESS MACHINES CORP,IBM,2024,2,0.8502,3,-0.1743,1.0245,LOW_AI_SENTENCE_COUNT,498145b9193ceb67; 986834fa0b8b831a,2023-07-19,04d2599aee71ac54,https://www.sec.gov/Archives/edgar/data/51143/000005114323000010/ibm-20230719xex991.htm; https://www.sec.gov/Archives/edgar/data/51143/000005114323000010/ibm-20230719xex992.htm,https://www.sec.gov/Archives/edgar/data/51143/000005114324000012/ibm-20231231.htm
INTERNATIONAL BUSINESS MACHINES CORP,IBM,2024,30,0.4505,3,-0.1743,0.6248,LOW_AI_SENTENCE_COUNT,e163ce7f6d59b1bc; 02ac78672af6a55f,2023-04-20,04d2599aee71ac54,https://www.sec.gov/Archives/edgar/data/51143/000155837023006321/ibm-20230419xex99d1.htm; https://www.sec.gov/Archives/edgar/data/51143/000155837023006321/ibm-20230419xex99d2.htm,https://www.sec.gov/Archives/edgar/data/51143/000005114324000012/ibm-20231231.htm
INTERNATIONAL BUSINESS MACHINES CORP,IBM,2024,1,0.9272,3,-0.1743,1.1015,LOW_AI_SENTENCE_COUNT,f86a6d38820dbe28; 513d717c4907334c,2023-04-19,04d2599aee71ac54,https://www.sec.gov/Archives/edgar/data/51143/000155837023006218/ibm-20230419xex99d1.htm; https://www.sec.gov/Archives/edgar/data/51143/000155837023006218/ibm-20230419xex99d2.htm,https://www.sec.gov/Archives/edgar/data/51143/000005114324000012/ibm-20231231.htm
INTERNATIONAL BUSINESS MACHINES CORP,IBM,2023,34,0.5106,1,0.8106,-0.3,LOW_AI_SENTENCE_COUNT,8fa45101c69f0620; 30d10c71be733c5c,2023-01-26,8eedb52bda226940,https://www.sec.gov/Archives/edgar/data/51143/000155837023000608/ibm-20230125xex99d1.htm; https://www.sec.gov/Archives/edgar/data/51143/000155837023000608/ibm-20230125xex99d2.htm,https://www.sec.gov/Archives/edgar/data/51143/000155837023002376/ibm-20221231x10k.htm
INTERNATIONAL BUSINESS MACHINES CORP,IBM,2023,1,0.8736,1,0.8106,0.0631,LOW_AI_SENTENCE_COUNT,10591cd810009c17; d90a8237f89401bd,2023-01-25,8eedb52bda226940,https://www.sec.gov/Archives/edgar/data/51143/000155837023000529/ibm-20230125xex99d1.htm; https://www.sec.gov/Archives/edgar/data/51143/000155837023000529/ibm-20230125xex99d2.htm,https://www.sec.gov/Archives/edgar/data/51143/000155837023002376/ibm-20221231x10k.htm
INTERNATIONAL BUSINESS MACHINES CORP,IBM,2023,20,0.5319,1,0.8106,-0.2787,LOW_AI_SENTENCE_COUNT,03a541acd10772af; 199497ba881e4a39,2022-10-20,8eedb52bda226940,https://www.sec.gov/Archives/edgar/data/51143/000155837022015133/ibm-20221019xex99d1.htm; https://www.sec.gov/Archives/edgar/data/51143/000155837022015133/ibm-20221019xex99d2.htm,https://www.sec.gov/Archives/edgar/data/51143/000155837023002376/ibm-20221231x10k.htm
INTERNATIONAL BUSINESS MACHINES CORP,IBM,2023,0,,1,0.8106,,LOW_AI_SENTENCE_COUNT,35b70ed4be1e6c5a; aa077ca63f2ad2a0,2022-10-19,8eedb52bda226940,https://www.sec.gov/Archives/edgar/data/51143/000155837022015079/ibm-20221019xex99d1.htm; https://www.sec.gov/Archives/edgar/data/51143/000155837022015079/ibm-20221019xex99d2.htm,https://www.sec.gov/Archives/edgar/data/51143/000155837023002376/ibm-20221231x10k.htm
INTERNATIONAL BUSINESS MACHINES CORP,IBM,2023,24,0.4973,1,0.8106,-0.3133,LOW_AI_SENTENCE_COUNT,38f88f2c12f02f71; ce8480e92b96d57b,2022-07-19,8eedb52bda226940,https://www.sec.gov/Archives/edgar/data/51143/000155837022010829/ibm-20220718xex99d1.htm; https://www.sec.gov/Archives/edgar/data/51143/000155837022010829/ibm-20220718xex99d2.htm,https://www.sec.gov/Archives/edgar/data/51143/000155837023002376/ibm-20221231x10k.htm
INTERNATIONAL BUSINESS MACHINES CORP,IBM,2023,5,0.2907,1,0.8106,-0.5198,LOW_AI_SENTENCE_COUNT,15f4a4125c26c284; 94a7125414ac6891; 4eac15a2917d7a66,2022-07-18,8eedb52bda226940,https://www.sec.gov/Archives/edgar/data/51143/000155837022010793/ibm-20220718xex99d1.htm; https://www.sec.gov/Archives/edgar/data/51143/000155837022010793/ibm-20220718xex99d2.htm; https://www.sec.gov/Archives/edgar/data/51143/000155837022010793/ibm-20220718xex99d3.htm,https://www.sec.gov/Archives/edgar/data/51143/000155837023002376/ibm-20221231x10k.htm
INTERNATIONAL BUSINESS MACHINES CORP,IBM,2023,22,0.5465,1,0.8106,-0.264,LOW_AI_SENTENCE_COUNT,c6e1d758080e6cf2; c78b09a5de149756,2022-04-20,8eedb52bda226940,https://www.sec.gov/Archives/edgar/data/51143/000155837022005646/ibm-20220419xex99d1.htm; https://www.sec.gov/Archives/edgar/data/51143/000155837022005646/ibm-20220419xex99d2.htm,https://www.sec.gov/Archives/edgar/data/51143/000155837023002376/ibm-20221231x10k.htm
INTERNATIONAL BUSINESS MACHINES CORP,IBM,2023,5,0.2748,1,0.8106,-0.5357,LOW_AI_SENTENCE_COUNT,23f866e4d2db89f7; 2ac3193350cbb0d5; 30034d53fda1da26,2022-04-19,8eedb52bda226940,https://www.sec.gov/Archives/edgar/data/51143/000155837022005584/ibm-20220419xex99d1.htm; https://www.sec.gov/Archives/edgar/data/51143/000155837022005584/ibm-20220419xex99d2.htm; https://www.sec.gov/Archives/edgar/data/51143/000155837022005584/ibm-20220419xex99d3.htm,https://www.sec.gov/Archives/edgar/data/51143/000155837023002376/ibm-20221231x10k.htm
INTERNATIONAL BUSINESS MACHINES CORP,IBM,2023,1,0.323,1,0.8106,-0.4875,LOW_AI_SENTENCE_COUNT,6e2cfb144534b8ae,2022-03-31,8eedb52bda226940,https://www.sec.gov/Archives/edgar/data/51143/000155837022004921/ibm-20220331xex99d1.htm,https://www.sec.gov/Archives/edgar/data/51143/000155837023002376/ibm-20221231x10k.htm
INTERNATIONAL BUSINESS MACHINES CORP,IBM,2022,27,0.6465,2,-0.0532,0.6997,LOW_AI_SENTENCE_COUNT,e3d9250c4b318d35; 5a299764b0a6873f,2022-01-25,f14a2aa7375c1669,https://www.sec.gov/Archives/edgar/data/51143/000155837022000425/ibm-20220124xex99d1.htm; https://www.sec.gov/Archives/edgar/data/51143/000155837022000425/ibm-20220124xex99d2.htm,https://www.sec.gov/Archives/edgar/data/51143/000155837022001584/ibm-20211231x10k.htm
INTERNATIONAL BUSINESS MACHINES CORP,IBM,2022,4,0.123,2,-0.0532,0.1762,LOW_AI_SENTENCE_COUNT,e4f6b324c8dca991; 5178f91cc1bbd52d; a9757dfe19e227d0,2022-01-24,f14a2aa7375c1669,https://www.sec.gov/Archives/edgar/data/51143/000155837022000384/ibm-20220124xex99d1.htm; https://www.sec.gov/Archives/edgar/data/51143/000155837022000384/ibm-20220124xex99d2.htm; https://www.sec.gov/Archives/edgar/data/51143/000155837022000384/ibm-20220124xex99d3.htm,https://www.sec.gov/Archives/edgar/data/51143/000155837022001584/ibm-20211231x10k.htm
INTERNATIONAL BUSINESS MACHINES CORP,IBM,2022,5,0.3946,2,-0.0532,0.4478,LOW_AI_SENTENCE_COUNT,d0d308ce4f419825; 580d73ffdb44b615,2021-12-27,f14a2aa7375c1669,https://www.sec.gov/Archives/edgar/data/51143/000155837021017039/ibm-20211227xex99d1.htm; https://www.sec.gov/Archives/edgar/data/51143/000155837021017039/ibm-20211227xex99d2.htm,https://www.sec.gov/Archives/edgar/data/51143/000155837022001584/ibm-20211231x10k.htm
INTERNATIONAL BUSINESS MACHINES CORP,IBM,2022,0,,2,-0.0532,,LOW_AI_SENTENCE_COUNT,f858b5b149441200,2021-11-29,f14a2aa7375c1669,https://www.sec.gov/Archives/edgar/data/51143/000155837021016363/ibm-20211129xex99d1.htm,https://www.sec.gov/Archives/edgar/data/51143/000155837022001584/ibm-20211231x10k.htm
INTERNATIONAL BUSINESS MACHINES CORP,IBM,2022,0,,2,-0.0532,,LOW_AI_SENTENCE_COUNT,b2b03397f62589f8; 03d704e34d211a6a; 4155d2f24a62ec1c,2021-11-04,f14a2aa7375c1669,https://www.sec.gov/Archives/edgar/data/51143/000155837021014643/ibm-20211103xex99d1.htm; https://www.sec.gov/Archives/edgar/data/51143/000155837021014643/ibm-20211103xex99d2.htm; https://www.sec.gov/Archives/edgar/data/51143/000155837021014643/ibm-20211103xex99d3.htm,https://www.sec.gov/Archives/edgar/data/51143/000155837022001584/ibm-20211231x10k.htm
INTERNATIONAL BUSINESS MACHINES CORP,IBM,2022,18,0.4675,2,-0.0532,0.5208,LOW_AI_SENTENCE_COUNT,66226435d68ccadd; 0b4cf4aa1459a193,2021-10-21,f14a2aa7375c1669,https://www.sec.gov/Archives/edgar/data/51143/000155837021013351/ibm-20211020xex99d1.htm; https://www.sec.gov/Archives/edgar/data/51143/000155837021013351/ibm-20211020xex99d2.htm,https://www.sec.gov/Archives/edgar/data/51143/000155837022001584/ibm-20211231x10k.htm
INTERNATIONAL BUSINESS MACHINES CORP,IBM,2022,1,0.7701,2,-0.0532,0.8233,LOW_AI_SENTENCE_COUNT,bc4882d2b5294344; d74b825de1c2af04; 4f6e54e3889deaf6,2021-10-20,f14a2aa7375c1669,https://www.sec.gov/Archives/edgar/data/51143/000155837021013312/ibm-20211020xex99d1.htm; https://www.sec.gov/Archives/edgar/data/51143/000155837021013312/ibm-20211020xex99d2.htm; https://www.sec.gov/Archives/edgar/data/51143/000155837021013312/ibm-20211020xex99d3.htm,https://www.sec.gov/Archives/edgar/data/51143/000155837022001584/ibm-20211231x10k.htm
INTERNATIONAL BUSINESS MACHINES CORP,IBM,2022,0,,2,-0.0532,,LOW_AI_SENTENCE_COUNT,d0060b8c1d71ad8b,2021-10-15,f14a2aa7375c1669,https://www.sec.gov/Archives/edgar/data/51143/000110465921126749/tm2130095d1_ex99-1.htm,https://www.sec.gov/Archives/edgar/data/51143/000155837022001584/ibm-20211231x10k.htm
INTERNATIONAL BUSINESS MACHINES CORP,IBM,2022,0,,2,-0.0532,,LOW_AI_SENTENCE_COUNT,a5b00daf0251d884,2021-10-12,f14a2aa7375c1669,https://www.sec.gov/Archives/edgar/data/51143/000110465921125064/tm2128856d3_ex99-1.htm,https://www.sec.gov/Archives/edgar/data/51143/000155837022001584/ibm-20211231x10k.htm
INTERNATIONAL BUSINESS MACHINES CORP,IBM,2022,13,0.1014,2,-0.0532,0.1547,LOW_AI_SENTENCE_COUNT,cdb9422801508b80; fd9425a4fdbd3dca; 4623a92c71ee3231,2021-10-04,f14a2aa7375c1669,https://www.sec.gov/Archives/edgar/data/51143/000155837021012961/ibm-20211004xex99d1.htm; https://www.sec.gov/Archives/edgar/data/51143/000155837021012961/ibm-20211004xex99d2.htm; https://www.sec.gov/Archives/edgar/data/51143/000155837021012961/ibm-20211004xex99d3.htm,https://www.sec.gov/Archives/edgar/data/51143/000155837022001584/ibm-20211231x10k.htm
INTERNATIONAL BUSINESS MACHINES CORP,IBM,2022,0,,2,-0.0532,,LOW_AI_SENTENCE_COUNT,392510562a3b4177,2021-09-30,f14a2aa7375c1669,https://www.sec.gov/Archives/edgar/data/51143/000110465921121014/tm2128856d1_ex99-1.htm,https://www.sec.gov/Archives/edgar/data/51143/000155837022001584/ibm-20211231x10k.htm
INTERNATIONAL BUSINESS MACHINES CORP,IBM,2022,1,0.5011,2,-0.0532,0.5544,LOW_AI_SENTENCE_COUNT,43cb4692cfb9000e; b1a1290d72dc8042; f4e78055e9ae93d2,2021-09-28,f14a2aa7375c1669,https://www.sec.gov/Archives/edgar/data/51143/000155837021012847/ibm-20210928xex99d1.htm; https://www.sec.gov/Archives/edgar/data/51143/000155837021012847/ibm-20210928xex99d2.htm; https://www.sec.gov/Archives/edgar/data/51143/000155837021012847/ibm-20210928xex99d3.htm,https://www.sec.gov/Archives/edgar/data/51143/000155837022001584/ibm-20211231x10k.htm
INTERNATIONAL BUSINESS MACHINES CORP,IBM,2022,23,0.5118,2,-0.0532,0.5651,LOW_AI_SENTENCE_COUNT,1330a2556430c294; 29d72fe060b41172,2021-07-20,f14a2aa7375c1669,https://www.sec.gov/Archives/edgar/data/51143/000155837021009019/ibm-20210719xex99d1.htm; https://www.sec.gov/Archives/edgar/data/51143/000155837021009019/ibm-20210719xex99d2.htm,https://www.sec.gov/Archives/edgar/data/51143/000155837022001584/ibm-20211231x10k.htm
INTERNATIONAL BUSINESS MACHINES CORP,IBM,2022,4,0.8903,2,-0.0532,0.9435,LOW_AI_SENTENCE_COUNT,8b087e9c9622c1c2; 9191650d8e413e45; 525ed8f9d77a8907,2021-07-19,f14a2aa7375c1669,https://www.sec.gov/Archives/edgar/data/51143/000155837021009005/ibm-20210719xex99d1.htm; https://www.sec.gov/Archives/edgar/data/51143/000155837021009005/ibm-20210719xex99d2.htm; https://www.sec.gov/Archives/edgar/data/51143/000155837021009005/ibm-20210719xex99d3.htm,https://www.sec.gov/Archives/edgar/data/51143/000155837022001584/ibm-20211231x10k.htm
INTERNATIONAL BUSINESS MACHINES CORP,IBM,2022,18,0.6477,2,-0.0532,0.701,LOW_AI_SENTENCE_COUNT,05f334cf4091315f; ba172b6b0c0fd0d7,2021-04-20,f14a2aa7375c1669,https://www.sec.gov/Archives/edgar/data/51143/000155837021004495/ibm-20210419xex99d1.htm; https://www.sec.gov/Archives/edgar/data/51143/000155837021004495/ibm-20210419xex99d2.htm,https://www.sec.gov/Archives/edgar/data/51143/000155837022001584/ibm-20211231x10k.htm
INTERNATIONAL BUSINESS MACHINES CORP,IBM,2022,1,0.9331,2,-0.0532,0.9863,LOW_AI_SENTENCE_COUNT,0595ccc9ce4706a7; e353b86b04b7d8fb; 7a09d718998526b9,2021-04-19,f14a2aa7375c1669,https://www.sec.gov/Archives/edgar/data/51143/000155837021004470/ibm-20210419xex99d1.htm; https://www.sec.gov/Archives/edgar/data/51143/000155837021004470/ibm-20210419xex99d2.htm; https://www.sec.gov/Archives/edgar/data/51143/000155837021004470/ibm-20210419xex99d3.htm,https://www.sec.gov/Archives/edgar/data/51143/000155837022001584/ibm-20211231x10k.htm
INTERNATIONAL BUSINESS MACHINES CORP,IBM,2022,1,0.8946,2,-0.0532,0.9479,LOW_AI_SENTENCE_COUNT,8267408cea9cf29e,2021-02-24,f14a2aa7375c1669,https://www.sec.gov/Archives/edgar/data/51143/000110465921027214/tm217754d1_ex99-1.htm,https://www.sec.gov/Archives/edgar/data/51143/000155837022001584/ibm-20211231x10k.htm
INTERNATIONAL BUSINESS MACHINES CORP,IBM,2021,23,0.5306,2,-0.0519,0.5826,LOW_AI_SENTENCE_COUNT,6b34c1c069f274b9; d31abd4e23a11246,2021-01-22,491ea0224f5efd8f,https://www.sec.gov/Archives/edgar/data/51143/000155837021000349/ibm-20210121xex99d1.htm; https://www.sec.gov/Archives/edgar/data/51143/000155837021000349/ibm-20210121xex99d2.htm,https://www.sec.gov/Archives/edgar/data/51143/000155837021001489/ibm-20201231x10k.htm
INTERNATIONAL BUSINESS MACHINES CORP,IBM,2021,2,0.8923,2,-0.0519,0.9443,LOW_AI_SENTENCE_COUNT,c3b1659fbdddd73c; 04e50a453dc4dcf0; 6256b07cc12a0d8c,2021-01-21,491ea0224f5efd8f,https://www.sec.gov/Archives/edgar/data/51143/000155837021000327/ibm-20210121xex99d1.htm; https://www.sec.gov/Archives/edgar/data/51143/000155837021000327/ibm-20210121xex99d2.htm; https://www.sec.gov/Archives/edgar/data/51143/000155837021000327/ibm-20210121xex99d3.htm,https://www.sec.gov/Archives/edgar/data/51143/000155837021001489/ibm-20201231x10k.htm
INTERNATIONAL BUSINESS MACHINES CORP,IBM,2021,0,,2,-0.0519,,LOW_AI_SENTENCE_COUNT,001c47e846572c3b,2020-12-18,491ea0224f5efd8f,https://www.sec.gov/Archives/edgar/data/51143/000110465920137423/tm2038625d2_ex99-1.htm,https://www.sec.gov/Archives/edgar/data/51143/000155837021001489/ibm-20201231x10k.htm
INTERNATIONAL BUSINESS MACHINES CORP,IBM,2021,2,0.7069,2,-0.0519,0.7589,LOW_AI_SENTENCE_COUNT,07be397b62be1150; b228b2c5001b940a,2020-12-16,491ea0224f5efd8f,https://www.sec.gov/Archives/edgar/data/51143/000110465920136302/tm2038625d1_ex99-1.htm; https://www.sec.gov/Archives/edgar/data/51143/000110465920136302/tm2038625d1_ex99-2.htm,https://www.sec.gov/Archives/edgar/data/51143/000155837021001489/ibm-20201231x10k.htm
INTERNATIONAL BUSINESS MACHINES CORP,IBM,2021,13,0.6195,2,-0.0519,0.6714,LOW_AI_SENTENCE_COUNT,f9795ff345e1fc92; 64514b4e96fb6962,2020-10-20,491ea0224f5efd8f,https://www.sec.gov/Archives/edgar/data/51143/000155837020011577/ibm-20201019xex99d1.htm; https://www.sec.gov/Archives/edgar/data/51143/000155837020011577/ibm-20201019xex99d2.htm,https://www.sec.gov/Archives/edgar/data/51143/000155837021001489/ibm-20201231x10k.htm
INTERNATIONAL BUSINESS MACHINES CORP,IBM,2021,2,0.9266,2,-0.0519,0.9786,LOW_AI_SENTENCE_COUNT,91fc707eeacecc99; fd96b9468672b7b1; 37f509422d73f67a,2020-10-19,491ea0224f5efd8f,https://www.sec.gov/Archives/edgar/data/51143/000155837020011556/ibm-20201019xex99d1.htm; https://www.sec.gov/Archives/edgar/data/51143/000155837020011556/ibm-20201019xex99d2.htm; https://www.sec.gov/Archives/edgar/data/51143/000155837020011556/ibm-20201019xex99d3.htm,https://www.sec.gov/Archives/edgar/data/51143/000155837021001489/ibm-20201231x10k.htm
INTERNATIONAL BUSINESS MACHINES CORP,IBM,2021,7,0.5636,2,-0.0519,0.6156,LOW_AI_SENTENCE_COUNT,eae59ae6947d051f; 64a35728078328a5; 463fd69ddb23f45e,2020-10-08,491ea0224f5efd8f,https://www.sec.gov/Archives/edgar/data/51143/000110465920113260/tm2032661d1_ex99-1.htm; https://www.sec.gov/Archives/edgar/data/51143/000110465920113260/tm2032661d1_ex99-2.htm; https://www.sec.gov/Archives/edgar/data/51143/000110465920113260/tm2032661d1_ex99-3.htm,https://www.sec.gov/Archives/edgar/data/51143/000155837021001489/ibm-20201231x10k.htm
INTERNATIONAL BUSINESS MACHINES CORP,IBM,2021,14,0.5719,2,-0.0519,0.6239,LOW_AI_SENTENCE_COUNT,47fb1925ef267a02; c252a8ccf062b239,2020-07-21,491ea0224f5efd8f,https://www.sec.gov/Archives/edgar/data/51143/000155837020008273/ibm-20200720xex99d1.htm; https://www.sec.gov/Archives/edgar/data/51143/000155837020008273/ibm-20200720xex99d2.htm,https://www.sec.gov/Archives/edgar/data/51143/000155837021001489/ibm-20201231x10k.htm
INTERNATIONAL BUSINESS MACHINES CORP,IBM,2021,0,,2,-0.0519,,LOW_AI_SENTENCE_COUNT,07c943d69aabfcd2; 07eeb5c68754186c; 62ebd8340b318a2b,2020-07-20,491ea0224f5efd8f,https://www.sec.gov/Archives/edgar/data/51143/000155837020008241/ibm-20200720xex99d1.htm; https://www.sec.gov/Archives/edgar/data/51143/000155837020008241/ibm-20200720xex99d2.htm; https://www.sec.gov/Archives/edgar/data/51143/000155837020008241/ibm-20200720xex99d3.htm,https://www.sec.gov/Archives/edgar/data/51143/000155837021001489/ibm-20201231x10k.htm
INTERNATIONAL BUSINESS MACHINES CORP,IBM,2021,14,0.6331,2,-0.0519,0.6851,LOW_AI_SENTENCE_COUNT,d589dec38ca2ca09; 4ae3de95ef93c3a5; 19528c2047a60b96,2020-04-21,491ea0224f5efd8f,https://www.sec.gov/Archives/edgar/data/51143/000155837020004097/ibm-20200420xex99d1.htm; https://www.sec.gov/Archives/edgar/data/51143/000155837020004097/ibm-20200420xex99d2.htm; https://www.sec.gov/Archives/edgar/data/51143/000155837020004097/ibm-20200420xex99d3.htm,https://www.sec.gov/Archives/edgar/data/51143/000155837021001489/ibm-20201231x10k.htm
INTERNATIONAL BUSINESS MACHINES CORP,IBM,2021,1,0.8966,2,-0.0519,0.9485,LOW_AI_SENTENCE_COUNT,79af088606527933; 6e9b9dabcf951954; 66cde6340c775b41,2020-04-20,491ea0224f5efd8f,https://www.sec.gov/Archives/edgar/data/51143/000155837020004062/ibm-20200420xex99d1.htm; https://www.sec.gov/Archives/edgar/data/51143/000155837020004062/ibm-20200420xex99d2.htm; https://www.sec.gov/Archives/edgar/data/51143/000155837020004062/ibm-20200420xex99d3.htm,https://www.sec.gov/Archives/edgar/data/51143/000155837021001489/ibm-20201231x10k.htm
INTERNATIONAL BUSINESS MACHINES CORP,IBM,2020,3,0.6479,2,-0.0118,0.6597,LOW_AI_SENTENCE_COUNT,d649f24edc014b5b,2020-01-31,a2f7faec54c17bc9,https://www.sec.gov/Archives/edgar/data/51143/000110465920008982/tm205825d2_ex99-1.htm,https://www.sec.gov/Archives/edgar/data/51143/000155837020001334/ibm-20191231x10k2af531.htm
INTERNATIONAL BUSINESS MACHINES CORP,IBM,2020,10,0.7079,2,-0.0118,0.7198,LOW_AI_SENTENCE_COUNT,b1c49e4b0d96d68c; 5139f5063fdf6964,2020-01-22,a2f7faec54c17bc9,https://www.sec.gov/Archives/edgar/data/51143/000155837020000218/ex-99d1.htm; https://www.sec.gov/Archives/edgar/data/51143/000155837020000218/ex-99d2.htm,https://www.sec.gov/Archives/edgar/data/51143/000155837020001334/ibm-20191231x10k2af531.htm
INTERNATIONAL BUSINESS MACHINES CORP,IBM,2020,0,,2,-0.0118,,LOW_AI_SENTENCE_COUNT,8e3e3dd7fda44120; 872056ec2fd395aa; 71d964e1c3b5ceaa,2020-01-21,a2f7faec54c17bc9,https://www.sec.gov/Archives/edgar/data/51143/000155837020000200/ex-99d1.htm; https://www.sec.gov/Archives/edgar/data/51143/000155837020000200/ex-99d2.htm; https://www.sec.gov/Archives/edgar/data/51143/000155837020000200/ex-99d3.htm,https://www.sec.gov/Archives/edgar/data/51143/000155837020001334/ibm-20191231x10k2af531.htm
Dell Technologies Inc.,DELL,2026,17,0.4028,21,-0.2159,0.6187,,db373ffbd6e790ce; a28460814fb67658,2025-10-07,70ba3f174c14719c,https://www.sec.gov/Archives/edgar/data/1571996/000119312525232662/d55706dex991.htm; https://www.sec.gov/Archives/edgar/data/1571996/000119312525232662/d55706dex992.htm,https://www.sec.gov/Archives/edgar/data/1571996/000157199626000008/dell-20260130.htm
Dell Technologies Inc.,DELL,2025,2,-0.0185,19,-0.2394,0.2209,LOW_AI_SENTENCE_COUNT,611a2dcc1152ed85,2024-10-02,65c5534599927463,https://www.sec.gov/Archives/edgar/data/1571996/000119312524231195/d802942dex991.htm,https://www.sec.gov/Archives/edgar/data/1571996/000157199625000034/dell-20250131.htm
Dell Technologies Inc.,DELL,2024,2,-0.0185,8,-0.2914,0.2729,LOW_AI_SENTENCE_COUNT,2861504aae64d683,2024-03-06,b02bb8bc8f5e109d,https://www.sec.gov/Archives/edgar/data/1571996/000119312524059631/d794419dex991.htm,https://www.sec.gov/Archives/edgar/data/1571996/000157199624000036/dell-20240202.htm
Dell Technologies Inc.,DELL,2024,0,,8,-0.2914,,LOW_AI_SENTENCE_COUNT,6f13afc8d7e7188a; d0563990f8933da6,2023-12-18,b02bb8bc8f5e109d,https://www.sec.gov/Archives/edgar/data/1571996/000119312523297664/d625155dex991.htm; https://www.sec.gov/Archives/edgar/data/1571996/000119312523297664/d625155dex992.htm,https://www.sec.gov/Archives/edgar/data/1571996/000157199624000036/dell-20240202.htm
Dell Technologies Inc.,DELL,2024,0,,8,-0.2914,,LOW_AI_SENTENCE_COUNT,bcc0a9f84dcb7456,2023-12-04,b02bb8bc8f5e109d,https://www.sec.gov/Archives/edgar/data/1571996/000119312523288428/d56618dex991.htm,https://www.sec.gov/Archives/edgar/data/1571996/000157199624000036/dell-20240202.htm
Dell Technologies Inc.,DELL,2024,4,0.0569,8,-0.2914,0.3483,LOW_AI_SENTENCE_COUNT,ec3e17e6e97685d9,2023-10-05,b02bb8bc8f5e109d,https://www.sec.gov/Archives/edgar/data/1571996/000119312523251131/d541426dex991.htm,https://www.sec.gov/Archives/edgar/data/1571996/000157199624000036/dell-20240202.htm
Dell Technologies Inc.,DELL,2024,0,,8,-0.2914,,LOW_AI_SENTENCE_COUNT,9cd2838a921f8434; 4df766eb4c35361a,2023-06-30,b02bb8bc8f5e109d,https://www.sec.gov/Archives/edgar/data/1571996/000119312523180570/d475980dex991.htm; https://www.sec.gov/Archives/edgar/data/1571996/000119312523180570/d475980dex992.htm,https://www.sec.gov/Archives/edgar/data/1571996/000157199624000036/dell-20240202.htm
Dell Technologies Inc.,DELL,2024,0,,8,-0.2914,,LOW_AI_SENTENCE_COUNT,24ac7dc4d969939d,2023-06-15,b02bb8bc8f5e109d,https://www.sec.gov/Archives/edgar/data/1571996/000119312523167472/d505540dex991.htm,https://www.sec.gov/Archives/edgar/data/1571996/000157199624000036/dell-20240202.htm
Dell Technologies Inc.,DELL,2023,0,,1,0.2588,,LOW_AI_SENTENCE_COUNT,d99c9728b8182b0e,2023-02-06,5f387ca61fc8500d,https://www.sec.gov/Archives/edgar/data/1571996/000119312523024781/d459652dex991.htm,https://www.sec.gov/Archives/edgar/data/1571996/000157199623000007/dell-20230203.htm
Dell Technologies Inc.,DELL,2023,2,-0.0185,1,0.2588,-0.2773,LOW_AI_SENTENCE_COUNT,a4341dfe428269df,2023-01-11,5f387ca61fc8500d,https://www.sec.gov/Archives/edgar/data/1571996/000119312523006528/d449158dex991.htm,https://www.sec.gov/Archives/edgar/data/1571996/000157199623000007/dell-20230203.htm
ORACLE CORP,ORCL,2026,14,0.5106,25,-0.2892,0.7998,,cd76030fa4fddc27,2026-06-10,b5db10277712ffd2,https://www.sec.gov/Archives/edgar/data/1341439/000119312526265848/orcl-ex99_1.htm,https://www.sec.gov/Archives/edgar/data/1341439/000119312526277521/orcl-20260531.htm
ORACLE CORP,ORCL,2026,0,,25,-0.2892,,LOW_AI_SENTENCE_COUNT,6afca874a6f9027c,2026-05-12,b5db10277712ffd2,https://www.sec.gov/Archives/edgar/data/1341439/000119312526219708/d76569dex991.htm,https://www.sec.gov/Archives/edgar/data/1341439/000119312526277521/orcl-20260531.htm
ORACLE CORP,ORCL,2026,4,0.5865,25,-0.2892,0.8758,LOW_AI_SENTENCE_COUNT,668074045e56b14b,2026-04-06,b5db10277712ffd2,https://www.sec.gov/Archives/edgar/data/1341439/000119312526142939/d132760dex991.htm,https://www.sec.gov/Archives/edgar/data/1341439/000119312526277521/orcl-20260531.htm
ORACLE CORP,ORCL,2026,6,0.6172,25,-0.2892,0.9064,,4f17fb94a81f7bdc,2026-03-10,b5db10277712ffd2,https://www.sec.gov/Archives/edgar/data/1341439/000119312526100148/orcl-ex99_1.htm,https://www.sec.gov/Archives/edgar/data/1341439/000119312526277521/orcl-20260531.htm
ORACLE CORP,ORCL,2026,11,0.3448,25,-0.2892,0.634,,b007cf10e26d82ff,2025-12-10,b5db10277712ffd2,https://www.sec.gov/Archives/edgar/data/1341439/000119312525314207/orcl-ex99_1.htm,https://www.sec.gov/Archives/edgar/data/1341439/000119312526277521/orcl-20260531.htm
ORACLE CORP,ORCL,2026,0,,25,-0.2892,,LOW_AI_SENTENCE_COUNT,008d86c44be85e15,2025-11-21,b5db10277712ffd2,https://www.sec.gov/Archives/edgar/data/1341439/000119312525291441/d43173dex991.htm,https://www.sec.gov/Archives/edgar/data/1341439/000119312526277521/orcl-20260531.htm
ORACLE CORP,ORCL,2026,12,0.4884,25,-0.2892,0.7776,,ef57ded71075606c,2025-09-22,b5db10277712ffd2,https://www.sec.gov/Archives/edgar/data/1341439/000119312525210089/d921500dex991.htm,https://www.sec.gov/Archives/edgar/data/1341439/000119312526277521/orcl-20260531.htm
ORACLE CORP,ORCL,2026,4,0.2711,25,-0.2892,0.5603,LOW_AI_SENTENCE_COUNT,81b0153856b09a7d,2025-09-09,b5db10277712ffd2,https://www.sec.gov/Archives/edgar/data/1341439/000119312525199175/orcl-ex99_1.htm,https://www.sec.gov/Archives/edgar/data/1341439/000119312526277521/orcl-20260531.htm
ORACLE CORP,ORCL,2025,0,,10,-0.2005,,LOW_AI_SENTENCE_COUNT,31209ee8605bc1dd,2025-06-11,aca90e8cd0416658,https://www.sec.gov/Archives/edgar/data/1341439/000095017025084831/orcl-ex99_1.htm,https://www.sec.gov/Archives/edgar/data/1341439/000095017025087926/orcl-20250531.htm
ORACLE CORP,ORCL,2025,4,0.6831,10,-0.2005,0.8836,LOW_AI_SENTENCE_COUNT,63ae9f49b516818a,2025-03-10,aca90e8cd0416658,https://www.sec.gov/Archives/edgar/data/1341439/000095017025036295/orcl-ex99_1.htm,https://www.sec.gov/Archives/edgar/data/1341439/000095017025087926/orcl-20250531.htm
ORACLE CORP,ORCL,2025,8,0.5036,10,-0.2005,0.704,,89cf5784117badea,2024-12-09,aca90e8cd0416658,https://www.sec.gov/Archives/edgar/data/1341439/000095017024134537/orcl-ex99_1.htm,https://www.sec.gov/Archives/edgar/data/1341439/000095017025087926/orcl-20250531.htm
ORACLE CORP,ORCL,2025,1,0.1438,10,-0.2005,0.3443,LOW_AI_SENTENCE_COUNT,00d92ef51a1d0e33,2024-09-09,aca90e8cd0416658,https://www.sec.gov/Archives/edgar/data/1341439/000095017024104753/orcl-ex99_1.htm,https://www.sec.gov/Archives/edgar/data/1341439/000095017025087926/orcl-20250531.htm
ORACLE CORP,ORCL,2024,2,0.9333,5,-0.331,1.2642,LOW_AI_SENTENCE_COUNT,360c12fca7bb4796,2024-06-11,5e50d2f626d262ba,https://www.sec.gov/Archives/edgar/data/1341439/000095017024071916/orcl-ex99_1.htm,https://www.sec.gov/Archives/edgar/data/1341439/000095017024075605/orcl-20240531.htm
ORACLE CORP,ORCL,2024,2,0.7431,5,-0.331,1.074,LOW_AI_SENTENCE_COUNT,ec84cd20a112ba36,2024-03-11,5e50d2f626d262ba,https://www.sec.gov/Archives/edgar/data/1341439/000095017024029250/orcl-ex99_1.htm,https://www.sec.gov/Archives/edgar/data/1341439/000095017024075605/orcl-20240531.htm
ORACLE CORP,ORCL,2024,2,0.7751,5,-0.331,1.106,LOW_AI_SENTENCE_COUNT,7aed62cae42f382d,2023-12-11,5e50d2f626d262ba,https://www.sec.gov/Archives/edgar/data/1341439/000095017023069410/orcl-ex99_1.htm,https://www.sec.gov/Archives/edgar/data/1341439/000095017024075605/orcl-20240531.htm
ORACLE CORP,ORCL,2024,5,0.3807,5,-0.331,0.7117,,5eb68253b39decb3,2023-09-11,5e50d2f626d262ba,https://www.sec.gov/Archives/edgar/data/1341439/000095017023047471/orcl-ex99_1.htm,https://www.sec.gov/Archives/edgar/data/1341439/000095017024075605/orcl-20240531.htm
ORACLE CORP,ORCL,2023,3,0.6068,1,-0.8868,1.4936,LOW_AI_SENTENCE_COUNT,c8c746c70299998c,2023-06-12,eee963c13b43497e,https://www.sec.gov/Archives/edgar/data/1341439/000095017023027490/orcl-ex99_1.htm,https://www.sec.gov/Archives/edgar/data/1341439/000095017023028914/orcl-20230531.htm
ORACLE CORP,ORCL,2023,0,,1,-0.8868,,LOW_AI_SENTENCE_COUNT,c14aa7bc13eb0157,2023-03-09,eee963c13b43497e,https://www.sec.gov/Archives/edgar/data/1341439/000156459023003362/orcl-ex991_6.htm,https://www.sec.gov/Archives/edgar/data/1341439/000095017023028914/orcl-20230531.htm
ORACLE CORP,ORCL,2023,1,0.7089,1,-0.8868,1.5957,LOW_AI_SENTENCE_COUNT,7ed4b95c7e30123a,2022-12-12,eee963c13b43497e,https://www.sec.gov/Archives/edgar/data/1341439/000156459022039236/orcl-ex991_6.htm,https://www.sec.gov/Archives/edgar/data/1341439/000095017023028914/orcl-20230531.htm
ORACLE CORP,ORCL,2023,1,0.1052,1,-0.8868,0.992,LOW_AI_SENTENCE_COUNT,be10f6ba7be7f7e7,2022-09-12,eee963c13b43497e,https://www.sec.gov/Archives/edgar/data/1341439/000156459022031466/orcl-ex991_6.htm,https://www.sec.gov/Archives/edgar/data/1341439/000095017023028914/orcl-20230531.htm
ORACLE CORP,ORCL,2023,0,,1,-0.8868,,LOW_AI_SENTENCE_COUNT,750b0ee3dad815dd,2022-07-11,eee963c13b43497e,https://www.sec.gov/Archives/edgar/data/1341439/000119312522191296/d331231dex991.htm,https://www.sec.gov/Archives/edgar/data/1341439/000095017023028914/orcl-20230531.htm
ORACLE CORP,ORCL,2022,0,,1,-0.8778,,LOW_AI_SENTENCE_COUNT,fe96ed0354d910d6,2022-06-13,eb41c737b392d65e,https://www.sec.gov/Archives/edgar/data/1341439/000156459022023099/orcl-ex991_6.htm,https://www.sec.gov/Archives/edgar/data/1341439/000156459022023675/orcl-10k_20220531.htm
ORACLE CORP,ORCL,2022,0,,1,-0.8778,,LOW_AI_SENTENCE_COUNT,7ac2e67dff248100,2022-03-24,eb41c737b392d65e,https://www.sec.gov/Archives/edgar/data/1341439/000119312522083447/d332961dex991.htm,https://www.sec.gov/Archives/edgar/data/1341439/000156459022023675/orcl-10k_20220531.htm
ORACLE CORP,ORCL,2022,0,,1,-0.8778,,LOW_AI_SENTENCE_COUNT,9c632c1f34ac05f7,2022-03-10,eb41c737b392d65e,https://www.sec.gov/Archives/edgar/data/1341439/000156459022009640/orcl-ex991_6.htm,https://www.sec.gov/Archives/edgar/data/1341439/000156459022023675/orcl-10k_20220531.htm
ORACLE CORP,ORCL,2022,2,0.7945,1,-0.8778,1.6723,LOW_AI_SENTENCE_COUNT,410fb22ac22cc215,2021-12-20,eb41c737b392d65e,https://www.sec.gov/Archives/edgar/data/1341439/000119312521362532/d276733dex991.htm,https://www.sec.gov/Archives/edgar/data/1341439/000156459022023675/orcl-10k_20220531.htm
ORACLE CORP,ORCL,2022,0,,1,-0.8778,,LOW_AI_SENTENCE_COUNT,f22efc90026166da,2021-12-09,eb41c737b392d65e,https://www.sec.gov/Archives/edgar/data/1341439/000156459021059893/orcl-ex991_6.htm,https://www.sec.gov/Archives/edgar/data/1341439/000156459022023675/orcl-10k_20220531.htm
ORACLE CORP,ORCL,2022,0,,1,-0.8778,,LOW_AI_SENTENCE_COUNT,47d0364a80b2ff17,2021-09-13,eb41c737b392d65e,https://www.sec.gov/Archives/edgar/data/1341439/000156459021047736/orcl-ex991_6.htm,https://www.sec.gov/Archives/edgar/data/1341439/000156459022023675/orcl-10k_20220531.htm
ORACLE CORP,ORCL,2022,0,,1,-0.8778,,LOW_AI_SENTENCE_COUNT,d6bf47daef0c9018,2021-08-27,eb41c737b392d65e,https://www.sec.gov/Archives/edgar/data/1341439/000119312521259458/d224360dex991.htm,https://www.sec.gov/Archives/edgar/data/1341439/000156459022023675/orcl-10k_20220531.htm
ORACLE CORP,ORCL,2021,0,,1,-0.8759,,LOW_AI_SENTENCE_COUNT,9d26d3dca510a2d7,2021-06-15,9708299aa2df4792,https://www.sec.gov/Archives/edgar/data/1341439/000156459021032994/orcl-ex991_6.htm,https://www.sec.gov/Archives/edgar/data/1341439/000156459021033616/orcl-10k_20210531.htm
ORACLE CORP,ORCL,2021,1,0.7375,1,-0.8759,1.6134,LOW_AI_SENTENCE_COUNT,e43c2560f2868fd7,2021-03-10,9708299aa2df4792,https://www.sec.gov/Archives/edgar/data/1341439/000156459021012058/orcl-ex991_6.htm,https://www.sec.gov/Archives/edgar/data/1341439/000156459021033616/orcl-10k_20210531.htm
ORACLE CORP,ORCL,2021,3,0.535,1,-0.8759,1.4109,LOW_AI_SENTENCE_COUNT,debed6e88fcb29d7,2020-12-10,9708299aa2df4792,https://www.sec.gov/Archives/edgar/data/1341439/000156459020056722/orcl-ex991_6.htm,https://www.sec.gov/Archives/edgar/data/1341439/000156459021033616/orcl-10k_20210531.htm
ORACLE CORP,ORCL,2021,1,0.1735,1,-0.8759,1.0494,LOW_AI_SENTENCE_COUNT,98a96ac64a4a1924,2020-09-10,9708299aa2df4792,https://www.sec.gov/Archives/edgar/data/1341439/000156459020043143/orcl-ex991_6.htm,https://www.sec.gov/Archives/edgar/data/1341439/000156459021033616/orcl-10k_20210531.htm
ORACLE CORP,ORCL,2021,0,,1,-0.8759,,LOW_AI_SENTENCE_COUNT,162fcaed3f11e9eb,2020-08-21,9708299aa2df4792,https://www.sec.gov/Archives/edgar/data/1341439/000119312520227084/d31885dex991.htm,https://www.sec.gov/Archives/edgar/data/1341439/000156459021033616/orcl-10k_20210531.htm
ORACLE CORP,ORCL,2020,1,0.1735,1,-0.8759,1.0494,LOW_AI_SENTENCE_COUNT,63806cb2ef351cc1,2020-06-16,923d2c6a00b872e9,https://www.sec.gov/Archives/edgar/data/1341439/000156459020029533/orcl-ex991_6.htm,https://www.sec.gov/Archives/edgar/data/1341439/000156459020030125/orcl-10k_20200531.htm
ORACLE CORP,ORCL,2020,1,0.1735,1,-0.8759,1.0494,LOW_AI_SENTENCE_COUNT,32b31c1c343ef3d8,2020-03-12,923d2c6a00b872e9,https://www.sec.gov/Archives/edgar/data/1341439/000156459020010464/orcl-ex991_6.htm,https://www.sec.gov/Archives/edgar/data/1341439/000156459020030125/orcl-10k_20200531.htm
ORACLE CORP,ORCL,2020,1,0.1735,1,-0.8759,1.0494,LOW_AI_SENTENCE_COUNT,a6ce5596c4ec450a,2019-12-12,923d2c6a00b872e9,https://www.sec.gov/Archives/edgar/data/1341439/000156459019045836/orcl-ex991_7.htm,https://www.sec.gov/Archives/edgar/data/1341439/000156459020030125/orcl-10k_20200531.htm
ORACLE CORP,ORCL,2020,3,0.3262,1,-0.8759,1.2021,LOW_AI_SENTENCE_COUNT,78caa8b461180c73,2019-12-09,923d2c6a00b872e9,https://www.sec.gov/Archives/edgar/data/1341439/000119312519309214/d688356dex991.htm,https://www.sec.gov/Archives/edgar/data/1341439/000156459020030125/orcl-10k_20200531.htm
ORACLE CORP,ORCL,2020,0,,1,-0.8759,,LOW_AI_SENTENCE_COUNT,baca524f2f563f8e,2019-10-18,923d2c6a00b872e9,https://www.sec.gov/Archives/edgar/data/1341439/000119312519269943/d823419dex991.htm,https://www.sec.gov/Archives/edgar/data/1341439/000156459020030125/orcl-10k_20200531.htm
ORACLE CORP,ORCL,2020,2,0.1641,1,-0.8759,1.04,LOW_AI_SENTENCE_COUNT,aa9ec1399ed3a3a6; d041c3d4d63a4604,2019-09-11,923d2c6a00b872e9,https://www.sec.gov/Archives/edgar/data/1341439/000156459019034522/orcl-ex991_6.htm; https://www.sec.gov/Archives/edgar/data/1341439/000156459019034522/orcl-ex992_120.htm,https://www.sec.gov/Archives/edgar/data/1341439/000156459020030125/orcl-10k_20200531.htm
ORACLE CORP,ORCL,2020,0,,1,-0.8759,,LOW_AI_SENTENCE_COUNT,a8fcb350c67179fe,2019-07-31,923d2c6a00b872e9,https://www.sec.gov/Archives/edgar/data/1341439/000119312519208925/d795975dex991.htm,https://www.sec.gov/Archives/edgar/data/1341439/000156459020030125/orcl-10k_20200531.htm
ORACLE CORP,ORCL,2020,1,0.1739,1,-0.8759,1.0498,LOW_AI_SENTENCE_COUNT,8fb32066c0445e4b,2019-07-10,923d2c6a00b872e9,https://www.sec.gov/Archives/edgar/data/1341439/000119312519191922/d776427dex991.htm,https://www.sec.gov/Archives/edgar/data/1341439/000156459020030125/orcl-10k_20200531.htm
ORACLE CORP,ORCL,2019,2,0.3822,2,-0.0299,0.4121,LOW_AI_SENTENCE_COUNT,f5e446bfbc24f8f0,2019-06-19,544dc3b0af064235,https://www.sec.gov/Archives/edgar/data/1341439/000156459019022864/orcl-ex991_6.htm,https://www.sec.gov/Archives/edgar/data/1341439/000156459019023119/orcl-10k_20190531.htm
ORACLE CORP,ORCL,2019,1,0.1735,2,-0.0299,0.2034,LOW_AI_SENTENCE_COUNT,fab8375ebc11e27d,2019-03-14,544dc3b0af064235,https://www.sec.gov/Archives/edgar/data/1341439/000156459019007818/orcl-ex991_6.htm,https://www.sec.gov/Archives/edgar/data/1341439/000156459019023119/orcl-10k_20190531.htm
ORACLE CORP,ORCL,2019,1,-0.1586,2,-0.0299,-0.1287,LOW_AI_SENTENCE_COUNT,2f5bedadc2461c3d,2018-12-17,544dc3b0af064235,https://www.sec.gov/Archives/edgar/data/1341439/000156459018030992/orcl-ex991_6.htm,https://www.sec.gov/Archives/edgar/data/1341439/000156459019023119/orcl-10k_20190531.htm
ORACLE CORP,ORCL,2019,1,0.006,2,-0.0299,0.0359,LOW_AI_SENTENCE_COUNT,91af3623a5b28ef6,2018-09-17,544dc3b0af064235,https://www.sec.gov/Archives/edgar/data/1341439/000156459018023209/orcl-ex991_6.htm,https://www.sec.gov/Archives/edgar/data/1341439/000156459019023119/orcl-10k_20190531.htm
ORACLE CORP,ORCL,2019,0,,2,-0.0299,,LOW_AI_SENTENCE_COUNT,e525588347f271cd,2018-07-30,544dc3b0af064235,https://www.sec.gov/Archives/edgar/data/1341439/000119312518231625/d589516dex991.htm,https://www.sec.gov/Archives/edgar/data/1341439/000156459019023119/orcl-10k_20190531.htm
ORACLE CORP,ORCL,2018,0,,2,-0.039,,LOW_AI_SENTENCE_COUNT,c944cad06321ca22,2018-06-19,cf57cffa521a2d04,https://www.sec.gov/Archives/edgar/data/1341439/000156459018015818/orcl-ex991_6.htm,https://www.sec.gov/Archives/edgar/data/1341439/000119312518201034/d568983d10k.htm
ORACLE CORP,ORCL,2018,0,,2,-0.039,,LOW_AI_SENTENCE_COUNT,c8016c975bdee29d,2018-05-11,cf57cffa521a2d04,https://www.sec.gov/Archives/edgar/data/1341439/000119312518160979/d585930dex991.htm,https://www.sec.gov/Archives/edgar/data/1341439/000119312518201034/d568983d10k.htm
ORACLE CORP,ORCL,2018,1,0.5957,2,-0.039,0.6347,LOW_AI_SENTENCE_COUNT,778e721b9977c951,2018-03-19,cf57cffa521a2d04,https://www.sec.gov/Archives/edgar/data/1341439/000156459018006208/orcl-ex991_6.htm,https://www.sec.gov/Archives/edgar/data/1341439/000119312518201034/d568983d10k.htm
ORACLE CORP,ORCL,2018,1,0.1169,2,-0.039,0.1559,LOW_AI_SENTENCE_COUNT,3f17ba6df6f5d16f,2017-12-14,cf57cffa521a2d04,https://www.sec.gov/Archives/edgar/data/1341439/000119312517369491/d506986dex991.htm,https://www.sec.gov/Archives/edgar/data/1341439/000119312518201034/d568983d10k.htm
ORACLE CORP,ORCL,2018,2,0.2095,2,-0.039,0.2485,LOW_AI_SENTENCE_COUNT,da60125fa0bdeb6e,2017-09-14,cf57cffa521a2d04,https://www.sec.gov/Archives/edgar/data/1341439/000119312517285108/d379846dex991.htm,https://www.sec.gov/Archives/edgar/data/1341439/000119312518201034/d568983d10k.htm
ORACLE CORP,ORCL,2018,0,,2,-0.039,,LOW_AI_SENTENCE_COUNT,092af6aadaad8968,2017-09-05,cf57cffa521a2d04,https://www.sec.gov/Archives/edgar/data/1341439/000119312517276868/d449795dex991.htm,https://www.sec.gov/Archives/edgar/data/1341439/000119312518201034/d568983d10k.htm
ORACLE CORP,ORCL,2017,0,,1,-0.9141,,LOW_AI_SENTENCE_COUNT,e2dbfdcf4d03c6c6,2017-06-21,4d99f8932a980315,https://www.sec.gov/Archives/edgar/data/1341439/000119312517209415/d383506dex991.htm,https://www.sec.gov/Archives/edgar/data/1341439/000119312517214833/d385998d10k.htm
ORACLE CORP,ORCL,2017,0,,1,-0.9141,,LOW_AI_SENTENCE_COUNT,bf78ee8cc6d6a846,2017-03-15,4d99f8932a980315,https://www.sec.gov/Archives/edgar/data/1341439/000119312517083638/d350212dex991.htm,https://www.sec.gov/Archives/edgar/data/1341439/000119312517214833/d385998d10k.htm
ORACLE CORP,ORCL,2017,0,,1,-0.9141,,LOW_AI_SENTENCE_COUNT,ae6c13be8666ca5d,2016-12-15,4d99f8932a980315,https://www.sec.gov/Archives/edgar/data/1341439/000119312516794455/d309371dex991.htm,https://www.sec.gov/Archives/edgar/data/1341439/000119312517214833/d385998d10k.htm
ORACLE CORP,ORCL,2017,0,,1,-0.9141,,LOW_AI_SENTENCE_COUNT,081d7738d7ead949,2016-09-15,4d99f8932a980315,https://www.sec.gov/Archives/edgar/data/1341439/000119312516710982/d239177dex991.htm,https://www.sec.gov/Archives/edgar/data/1341439/000119312517214833/d385998d10k.htm
ORACLE CORP,ORCL,2017,0,,1,-0.9141,,LOW_AI_SENTENCE_COUNT,70954017bff2b805,2016-09-07,4d99f8932a980315,https://www.sec.gov/Archives/edgar/data/1341439/000119312516702358/d246757dex991.htm,https://www.sec.gov/Archives/edgar/data/1341439/000119312517214833/d385998d10k.htm
ORACLE CORP,ORCL,2017,0,,1,-0.9141,,LOW_AI_SENTENCE_COUNT,642e4ec9c7bd45e9; 0391d8e9a09af29e,2016-08-01,4d99f8932a980315,https://www.sec.gov/Archives/edgar/data/1341439/000119312516666792/d180474dex991.htm; https://www.sec.gov/Archives/edgar/data/1341439/000119312516666792/d180474dex992.htm,https://www.sec.gov/Archives/edgar/data/1341439/000119312517214833/d385998d10k.htm
ORACLE CORP,ORCL,2016,0,,1,-0.9141,,LOW_AI_SENTENCE_COUNT,d959ac259af11aa5,2016-06-16,8f3a6946007bd801,https://www.sec.gov/Archives/edgar/data/1341439/000119312516623620/d200599dex991.htm,https://www.sec.gov/Archives/edgar/data/1341439/000119312516628942/d203801d10k.htm
ORACLE CORP,ORCL,2016,0,,1,-0.9141,,LOW_AI_SENTENCE_COUNT,0bb9ca85363b8d2a,2016-03-15,8f3a6946007bd801,https://www.sec.gov/Archives/edgar/data/1341439/000119312516505164/d118836dex991.htm,https://www.sec.gov/Archives/edgar/data/1341439/000119312516628942/d203801d10k.htm
"Salesforce, Inc.",CRM,2026,12,0.6572,40,-0.2246,0.8818,,48bffed0fa1e7883,2025-11-18,0da1bd22b917639a,https://www.sec.gov/Archives/edgar/data/1108524/000110852425000207/ex991-infaclosingpressrele.htm,https://www.sec.gov/Archives/edgar/data/1108524/000110852426000060/crm-20260131.htm
"Salesforce, Inc.",CRM,2026,5,0.7023,40,-0.2246,0.9269,,bed002e9ad16c0e0,2025-10-16,0da1bd22b917639a,https://www.sec.gov/Archives/edgar/data/1108524/000110852425000168/ex991-investordaypressrele.htm,https://www.sec.gov/Archives/edgar/data/1108524/000110852426000060/crm-20260131.htm
"Salesforce, Inc.",CRM,2026,18,0.4896,40,-0.2246,0.7142,,f1dc964367d70638,2025-05-27,0da1bd22b917639a,https://www.sec.gov/Archives/edgar/data/1108524/000119312525126271/d866821dex991.htm,https://www.sec.gov/Archives/edgar/data/1108524/000110852426000060/crm-20260131.htm
"Salesforce, Inc.",CRM,2025,2,0.1564,26,-0.1576,0.314,LOW_AI_SENTENCE_COUNT,c45d2fe63a0b5bff,2025-02-05,44a426a669eb0ab2,https://www.sec.gov/Archives/edgar/data/1108524/000119312525020881/d926032dex991.htm,https://www.sec.gov/Archives/edgar/data/1108524/000110852425000006/crm-20250131.htm
"Salesforce, Inc.",CRM,2025,3,0.3476,26,-0.1576,0.5052,LOW_AI_SENTENCE_COUNT,5bce231c0a632595,2024-09-05,44a426a669eb0ab2,https://www.sec.gov/Archives/edgar/data/1108524/000110852424000024/a090524-ex991pressrelease.htm,https://www.sec.gov/Archives/edgar/data/1108524/000110852425000006/crm-20250131.htm
