doc_id,company,ticker,source_type,filing_date,section,url,text,retrieved_at
5b9c9f9352df5de1,IBM,,earnings_call_snippet,,search_snippet,https://finance.yahoo.com/quote/IBM/earnings-calls/,Yahoo Finance provides transcripts for the latest International Business Machines Corporation (IBM) earnings call and access historical call transcripts. As of ...,2026-07-24T23:36:11.488196+00:00
fc9280326dfa9147,IBM,,earnings_call_snippet,,search_snippet,https://www.fool.com/earnings/call-transcripts/2026/01/28/ibm-ibm-q4-2025-earnings-call-transcript/,"Delivered total revenue growth of 9%, our highest level in over three years. Software growth accelerated to 11% in the fourth quarter,",2026-07-24T23:36:11.488319+00:00
ba8df973819c9686,IBM,,earnings_call_snippet,,search_snippet,https://m.investing.com/news/transcripts/earnings-call-transcript-ibm-misses-q2-2026-estimates-trims-revenue-outlook-93CH-4807180?ampMode=1,"IBM lowered its full-year 2026 revenue growth outlook to 4% to 5% on a constant-currency basis, down from a previous view of 5%+ growth.",2026-07-24T23:36:11.488326+00:00
12c89d809c7a4d4d,IBM,,earnings_call_snippet,,search_snippet,https://www.reddit.com/r/wallstreetbets/comments/1v3ntyr/ibm_q2_earnings_call_live_transcript/,"IBM Q2 Earnings Call Live Transcript : S earnings call for the fourth quarter and year ended December 31st, 2025. IBM will release consumer ...",2026-07-24T23:36:11.488331+00:00
778a822220a554a3,IBM,,earnings_call_snippet,,search_snippet,https://seekingalpha.com/symbol/IBM/earnings/transcripts,"All earnings call transcripts on International Business Machines Corporation (IBM) stock. 5%+ 2026 revenue growth and about $1B higher free cash flow,",2026-07-24T23:36:11.488335+00:00
90653b4f1749c167,IBM,,earnings_call_snippet,,search_snippet,https://thetranscript.net/transcripts/IBM,IBM Transcripts. Terms and ConditionsPrivacy Policy. The Transcript | The Transcript.,2026-07-24T23:36:11.488339+00:00
98857b7035ca1825,IBM,,earnings_call_snippet,,search_snippet,https://m.investing.com/news/transcripts/earnings-call-transcript-ibm-q1-2026-beats-earnings-expectations-93CH-4630972?ampMode=1,"IBM reported better-than-expected earnings for the first quarter of 2026, with an EPS of $1.91 against a forecast of $1.81, and revenue of $15. ...",2026-07-24T23:36:11.488343+00:00
5ede8cea41d6ac29,IBM,,earnings_call_snippet,,search_snippet,https://www.rev.com/transcripts/ibm-q1-2025-earnings-conference-call,Read the transcript here. Today's conference is being recorded. a revenue range of $16.4 billion to $16.75 billion.,2026-07-24T23:36:11.488347+00:00
10df274d338e4912,IBM,,earnings_call_snippet,,search_snippet,https://www.fool.com/earnings/call-transcripts/2026/04/22/ibm-ibm-q1-2026-earnings-call-transcript/,"IBM is off to a strong start to 2026. Revenue in the first quarter grew 6% and combined with strong margin expansion, drove 13% growth in free ...",2026-07-24T23:36:11.488350+00:00
a759d5b25a7a2df9,DELL,,earnings_call_snippet,,search_snippet,https://finance.yahoo.com/quote/DELL/earnings-calls/,Yahoo Finance provides transcripts for the latest Dell Technologies Inc. (DELL) earnings call and access historical call transcripts,2026-07-25T00:43:02.355873+00:00
942f2f4a52a31ba1,DELL,,earnings_call_snippet,,search_snippet,https://www.fool.com/earnings/call-transcripts/2026/05/28/dell-dell-q1-2027-earnings-call-transcript/,"Revenue was $43.8 billion, up 88% and earnings per share was $4.86 up 214%. We ended the quarter with $14.1 billion in cash and investments, up ...",2026-07-25T00:43:02.363422+00:00
1f29ecc1f5346550,DELL,,earnings_call_snippet,,search_snippet,https://investors.delltechnologies.com/financial-information/quarterly-results,Financial Tables 306.2 KB Transcript 370.3 7.4 KB Performance Review 1.1 MB Financial Tables 224.7 KB Transcript 416 KB,2026-07-25T00:43:02.363455+00:00
3e111ddafaa93ff4,DELL,,earnings_call_snippet,,search_snippet,https://investors.delltechnologies.com/,"Transcript 370.3 KB. View All Earnings. Latest Financial Performance. Revenue. Non-GAAP. Revenue. FY21, $86.8B +2%. FY22, $101.2B +17%. FY23, $102.3B +1%. FY24 ...",2026-07-25T00:43:02.363461+00:00
d7e28dc85d532275,DELL,,earnings_call_snippet,,search_snippet,https://www.fool.com/earnings/call-transcripts/2026/02/26/dell-dell-q4-2026-earnings-call-transcript/,"We delivered a record quarter. Q4 revenue was $33,400,000,000, up 39%, and earnings per share was $3.89, up 45%, driven by disciplined execution ...",2026-07-25T00:43:02.363467+00:00
c7ef5c8947cab74e,DELL,,earnings_call_snippet,,search_snippet,https://investors.delltechnologies.com/static-files/9d07092c-7a61-42be-a1c2-54aea7465d17,"TRANSCRIPT. DELL – Q3 2026 Dell Technologies Inc Earnings Call. EVENT DATE/TIME November 25, 2025 9:30PM GMT. Page 2. NOVEMBER 25, 2025 / 9:30PM, DELL.",2026-07-25T00:43:02.363473+00:00
4b83c67ff5628a91,DELL,,earnings_call_snippet,,search_snippet,https://seekingalpha.com/symbol/DELL/earnings/transcripts,All earnings call transcripts on Dell Technologies Inc. (DELL) stock. 2027 revenue of $165B-$169B as AI server revenue outlook rises to $60B midpoint,2026-07-25T00:43:02.363479+00:00
34174922d87c92ab,DELL,,earnings_call_snippet,,search_snippet,https://www.stockinsights.ai/us/DELL/earnings-transcript/fy25-q3-7fad,"Reported EPS is $2.15, expectations were $2.04. Revenue was $24.4 billion, up 10%, on strong ISG revenue growth. Diluted EPS was $2.15, up 14%, and cash flow ...",2026-07-25T00:43:02.363485+00:00
87441c73aa3f6537,DELL,,earnings_call_snippet,,search_snippet,https://www.morningstar.com/stocks/xlim/dell/earnings-transcript,Get access to full transcripts of current and past earnings calls to further evaluate Dell Technologies Inc Ordinary Shares - Class C ...,2026-07-25T00:43:02.363490+00:00
61c949d816e7a945,SAP,,earnings_call_snippet,,search_snippet,https://finance.yahoo.com/quote/SAP/earnings-calls/,Yahoo Finance provides transcripts for the latest SAP SE (SAP) earnings call and access historical call transcripts to help inform your investment ...,2026-07-25T00:43:05.252351+00:00
a360288e9f649d50,SAP,,earnings_call_snippet,,search_snippet,https://m.investing.com/news/transcripts/earnings-call-transcript-sap-q2-2026-miss-offsets-strong-cloud-growth-93CH-4810199?ampMode,"SAP reported adjusted EPS of $1.82, compared with the $2.03 forecast, a miss of $0.21 per share, or 10.34%. Revenue came in at $11.28 billion ...",2026-07-25T00:43:05.252377+00:00
2cc33c078788ee78,SAP,,earnings_call_snippet,,search_snippet,https://www.morningstar.com/stocks/xnys/sap/earnings-transcript,Get access to full transcripts of current and past earnings calls to further evaluate SAP SE ADR (SAP:XNYS) stock's performance and strategic direction.,2026-07-25T00:43:05.252383+00:00
bc8adc8801272218,SAP,,earnings_call_snippet,,search_snippet,https://www.sap.com/investors/en.html,"Explore SAP Investor Relations, with financial news, investor events, annual reports and quarterly statements.",2026-07-25T00:43:05.252389+00:00
ed826ad5a389d754,SAP,,earnings_call_snippet,,search_snippet,https://seekingalpha.com/symbol/SAP/earnings/transcripts,All earnings call transcripts on SAP SE (SAP) stock. Read or listen to the conference call. Download the investor presentation - earnings call slides.,2026-07-25T00:43:05.252395+00:00
fa911c76d38965cf,SAP,,earnings_call_snippet,,search_snippet,https://www.gurufocus.com/stock/BUD:SAP/transcripts,"Access comprehensive earnings call and conference transcripts for SAP SE (BUD:SAP). GF Score: 92/100 Summary 30-Y. Earnings Call Transcript Apr 23,",2026-07-25T00:43:05.252400+00:00
5668caf585125eb9,SAP,,earnings_call_snippet,,search_snippet,https://finance.yahoo.com/quote/SAPA.SG/earnings/SAPA.SG-Q2-2026-earnings_call-546397.html,Earnings call SAP delivered strong Q2 2026 results with cloud revenue up 24% to €6.3B and total revenue up 11% to €9.9B. Operating profit grew 9 ...,2026-07-25T00:43:05.252406+00:00
864c0a5c484d2ef0,SAP,,earnings_call_snippet,,search_snippet,https://www.marketscreener.com/news/transcript-sap-se-q2-2026-earnings-call-jul-23-2026-ce7f51dfd989f327,"Ladies and gentlemen, thank you for standing by. Welcome, and thank you for joining the SAP Q2 and Half Year 2026 Financial Results Conference ...",2026-07-25T00:43:05.252411+00:00
17651879d6bb857c,SAP,,earnings_call_snippet,,search_snippet,https://www.sap.com/investors/en/financial-documents-and-events/events.html,The teleconference for financial analysts and investors will start at 11:00 pm CEST. Add to your calendar Register for the Financial Results Conference Call.,2026-07-25T00:43:05.252415+00:00
f855c8dcff2ad2eb,ORCL,,earnings_call_snippet,,search_snippet,https://finance.yahoo.com/quote/ORCL/earnings-calls/,Yahoo Finance provides transcripts for the latest Oracle Corporation (ORCL) earnings call and access historical call transcripts to help inform your ...,2026-07-25T00:45:21.315233+00:00
f5c86d3a1e68606f,ORCL,,earnings_call_snippet,,search_snippet,https://investor.oracle.com/home/default.aspx,"2026 Latest quarter Earnings Release Presentation Slides. Meeting to be held October 16, 2025 September. Oracle closes its books and reports earnings in less ...",2026-07-25T00:45:21.315269+00:00
79d2ea18c94cb568,ORCL,,earnings_call_snippet,,search_snippet,https://stocklight.com/stocks/us/nyse-orcl/oracle-corporation/earnings-transcripts,"Oracle ORCL Q2 2026 Earnings Call Transcript. 134.10 341.82. Mar 10th 2025 Mon 8:45pm, -4.3% to $148.79, Q3 2025 Earnings Call Transcript, N/A. Dec 9th 2024 Mon ...",2026-07-25T00:45:21.315280+00:00
556d1ad16fa66d83,ORCL,,earnings_call_snippet,,search_snippet,https://www.morningstar.com/stocks/xnys/orcl/earnings-transcript,Get access to full transcripts of current and past earnings calls to further evaluate Oracle Corp (ORCL:XNYS) stock's performance and strategic direction.,2026-07-25T00:45:21.315288+00:00
f6def62286e9e644,ORCL,,earnings_call_snippet,,search_snippet,https://www.tickertrends.io/transcripts/ORCL/Q4-earnings-transcript-2025,"Read the full ORCL Q4 2025 earnings call transcript. Gain insights into financial performance, strategic commentary, and executive Q&A.",2026-07-25T00:45:21.315296+00:00
27037175d234068c,ORCL,,earnings_call_snippet,,search_snippet,https://discountingcashflows.com/company/ORCL/transcripts/2024/2/,"Explore the complete history of Oracle Corporation (ORCL) earnings call transcripts. To view the full transcript, please log in .",2026-07-25T00:45:21.315304+00:00
91906b49fa5eab2d,ORCL,,earnings_call_snippet,,search_snippet,https://www.fool.com/earnings/call-transcripts/2026/03/10/oracle-orcl-q3-2026-earnings-call-transcript/,Oracle (ORCL -0.87%) reported a pivotal quarter with organic total revenue and non-GAAP EPS both exceeding the 20% growth threshold in USD.,2026-07-25T00:45:21.315311+00:00
9987838e5683f864,ORCL,,earnings_call_snippet,,search_snippet,https://www.youtube.com/watch?v=12JrGCgH9JY,Oracle Corp (ORCL) — Q4 FY26 Earnings Call Live coverage with Benzinga. Q4 FY26 Results EPS: $2.11 (est. $1.89) — inline Revenue: $19.18B ...,2026-07-25T00:45:21.315318+00:00
12b0ed6dc630b44b,ORCL,,earnings_call_snippet,,search_snippet,https://seekingalpha.com/symbol/ORCL/earnings/transcripts,All earnings call transcripts on Oracle Corporation (ORCL) stock. Read or listen to the conference call. Download the investor presentation - earnings call ...,2026-07-25T00:45:21.315325+00:00
8d3e1eaf0a67f7ca,CRM,,earnings_call_snippet,,search_snippet,https://www.fool.com/earnings/call-transcripts/2026/05/28/salesforce-crm-q1-2027-earnings-transcript/,"Salesforce (CRM) Q1 2027 Earnings Transcript. NVDA $212.25. TSLA $374.04 -1.3% -$4.89. Revenue -- $11.13 billion, up 13% year over year nominal ...",2026-07-25T00:45:48.973989+00:00
93ff15839a752388,CRM,,earnings_call_snippet,,search_snippet,https://finance.yahoo.com/quote/CRM/earnings-calls/,CRM Q4 FY2026 earnings call transcript. QUARTR • 4 months ago. CRM Q3 FY2026 earnings call transcript. QUARTR • 7 months ago. CRM Q2 FY2026 earnings call ...,2026-07-25T00:45:48.974031+00:00
a3d8325ab0aed58b,CRM,,earnings_call_snippet,,search_snippet,https://investor.salesforce.com/overview/default.aspx,Latest Quarter Press Release(opens. Transcript(opens in new window) See all quarter results Recent. Webcast 06/03/2026,2026-07-25T00:45:48.974042+00:00
a4aaae29c1b1344c,CRM,,earnings_call_snippet,,search_snippet,https://stocklight.com/stocks/us/nyse-crm/salesforce/earnings-transcripts,"Salesforce.com (CRM) Earnings Transcripts ; Dec 3rd 2024 Tue 9:30pm, +0.1% to $331.43, Q3 2025 Earnings Call Transcript ; Aug 28th 2024 Wed 10:30pm, -2.0% to ...",2026-07-25T00:45:48.974050+00:00
bac0b159f73a4ed1,CRM,,earnings_call_snippet,,search_snippet,https://www.morningstar.com/stocks/xnys/crm/earnings-transcript,Get access to full transcripts of current and past earnings calls to further evaluate Salesforce Inc (CRM:XNYS) stock's performance and strategic direction.,2026-07-25T00:45:48.974057+00:00
77ad6392e02dacc5,CRM,,earnings_call_snippet,,search_snippet,https://seekingalpha.com/symbol/CRM/earnings/transcripts,"All earnings call transcripts on Salesforce, Inc. (CRM) stock. Read or listen to the conference call. Download the investor presentation - earnings call ...",2026-07-25T00:45:48.974064+00:00
cf8a294ac6834700,CRM,,earnings_call_snippet,,search_snippet,https://m.investing.com/news/transcripts/earnings-call-transcript-salesforces-strong-q1-2027-earnings-beat-expectations-93CH-4713391?ampMode=1,"The company reported earnings per share (EPS) of $3.88, well above the forecasted $3.13, marking a 23.96% earnings surprise. Revenue also ...",2026-07-25T00:45:48.974071+00:00
e599510d608a4979,CRM,,earnings_call_snippet,,search_snippet,https://www.youtube.com/watch?v=kpTO9ijyK5k,Need a transcript of the call? Access the Benzinga Earnings Call Transcripts API: 🔗 https://bit.ly/493BUhA,2026-07-25T00:45:48.974081+00:00
4565e8831d13934e,CRM,,earnings_call_snippet,,search_snippet,https://public.com/stocks/crm/earnings,"Salesforce reported Beat earnings on May 26, 2026 with an EPS of $3.88 vs. $2.96. View the full CRM earnings report, listen to the earnings call, ...",2026-07-25T00:45:48.974087+00:00
b83c17a8dea6fd2d,CRM,,earnings_call_snippet,,search_snippet,https://www.cnbc.com/amp/2026/05/27/salesforce-crm-q1-earnings-report-2027.html,"For the current quarter, Salesforce called for $3.25 to $3.27 in adjusted earnings per share on $11.27 billion to $11.35 billion revenue.",2026-07-25T00:45:48.974095+00:00
