company_short,company,ticker,cik,accession,filing_date,period_end,fiscal_year,ai_centrality,ai_stack_role,ai_infra_subsplit,sic,sic_description,revenue_usd,revenue_tag,assets_usd,n_ai_sentences,n_other_sentences,ai_tone,other_tone,within_doc_distance,tone_flag,item1a_words,n_subsections,n_ai_subsections,ai_subsection_words,ai_word_share_subsection,ai_sentence_words,ai_word_share_sentences,ai_pos_first,ai_pos_first_norm,ai_pos_mean_norm,ai_pos_spread_norm,ai_content_concentrated,position_flag,ai_match_terms,ai_match_automat_only,specificity_numeric_per_100w,item1a_specificity_numeric_per_100w,yoy_tfidf_cosine,yoy_shingle_jaccard,yoy_prior_year,heading_method,n_headings_found,item1a_words_raw,page_noise_words_removed,url
AMD,ADVANCED MICRO DEVICES INC,AMD,2488,0000002488-18-000042,2018-02-27,2017-12-30,2017,AI-core,AI Infrastructure,Semiconductor/Hardware,3674,Semiconductors & Related Devices,5253000000,RevenueFromContractWithCustomerExcludingAssessedTax,3540000000,0,544,,-0.273,,LOW_SENTENCE_COUNT,17045,67,0,0,0.0,0,0.0,,,,,,,,,,2.587,,,,html_emphasis,67,17056,11,https://www.sec.gov/Archives/edgar/data/2488/000000248818000042/amd-12302017x10k.htm
AMD,ADVANCED MICRO DEVICES INC,AMD,2488,0000002488-19-000011,2019-02-08,2018-12-29,2018,AI-core,AI Infrastructure,Semiconductor/Hardware,3674,Semiconductors & Related Devices,6475000000,RevenueFromContractWithCustomerExcludingAssessedTax,4556000000,0,562,,-0.3004,,LOW_SENTENCE_COUNT,17056,73,0,0,0.0,0,0.0,,,,,,,,,,2.633,,,,html_emphasis,73,17067,11,https://www.sec.gov/Archives/edgar/data/2488/000000248819000011/amd-12292018x10k.htm
AMD,ADVANCED MICRO DEVICES INC,AMD,2488,0000002488-20-000008,2020-02-04,2019-12-28,2019,AI-core,AI Infrastructure,Semiconductor/Hardware,3674,Semiconductors & Related Devices,6731000000,RevenueFromContractWithCustomerExcludingAssessedTax,6028000000,0,549,,-0.2904,,LOW_SENTENCE_COUNT,16219,67,0,0,0.0,0,0.0,,,,,,,,,,2.281,,,,html_emphasis,67,16231,12,https://www.sec.gov/Archives/edgar/data/2488/000000248820000008/amdform10-kfy2019.htm
AMD,ADVANCED MICRO DEVICES INC,AMD,2488,0001628280-21-001185,2021-01-29,2020-12-26,2020,AI-core,AI Infrastructure,Semiconductor/Hardware,3674,Semiconductors & Related Devices,9763000000,RevenueFromContractWithCustomerExcludingAssessedTax,8962000000,0,552,,-0.3364,,LOW_SENTENCE_COUNT,17416,121,1,341,0.01958,0,0.0,93,0.7686,0.7686,0.0,yes,,automatic,yes,2.639,1.349,,,,html_emphasis,121,17422,6,https://www.sec.gov/Archives/edgar/data/2488/000162828021001185/amd-20201226.htm
AMD,ADVANCED MICRO DEVICES INC,AMD,2488,0000002488-22-000016,2022-02-03,2021-12-25,2021,AI-core,AI Infrastructure,Semiconductor/Hardware,3674,Semiconductors & Related Devices,16434000000,RevenueFromContractWithCustomerExcludingAssessedTax,12419000000,0,558,,-0.3339,,LOW_SENTENCE_COUNT,17672,118,1,416,0.02354,0,0.0,90,0.7627,0.7627,0.0,yes,,automatic,yes,2.163,1.143,0.967,0.6278,2020,html_emphasis,118,17678,6,https://www.sec.gov/Archives/edgar/data/2488/000000248822000016/amd-20211225.htm
AMD,ADVANCED MICRO DEVICES INC,AMD,2488,0000002488-23-000047,2023-02-27,2022-12-31,2022,AI-core,AI Infrastructure,Semiconductor/Hardware,3674,Semiconductors & Related Devices,23601000000,RevenueFromContractWithCustomerExcludingAssessedTax,67580000000,1,582,0.0118,-0.331,0.3428,LOW_SENTENCE_COUNT,18271,107,1,464,0.0254,32,0.00175,74,0.6916,0.6916,0.0,yes,,ai,,0.216,1.171,0.2344,0.0086,2021,html_emphasis,107,18355,84,https://www.sec.gov/Archives/edgar/data/2488/000000248823000047/amd-20221231.htm
AMD,ADVANCED MICRO DEVICES INC,AMD,2488,0000002488-24-000012,2024-01-31,2023-12-30,2023,AI-core,AI Infrastructure,Semiconductor/Hardware,3674,Semiconductors & Related Devices,22680000000,RevenueFromContractWithCustomerExcludingAssessedTax,67885000000,26,605,-0.0208,-0.3247,0.3039,,20162,95,11,6310,0.31296,753,0.03735,20,0.2105,0.5617,0.6316,no,,ai|artificial intelligence|generative ai|machine learning,,0.333,0.724,0.6732,0.0568,2022,html_emphasis,95,20255,93,https://www.sec.gov/Archives/edgar/data/2488/000000248824000012/amd-20231230.htm
AMD,ADVANCED MICRO DEVICES INC,AMD,2488,0000002488-25-000012,2025-02-05,2024-12-28,2024,AI-core,AI Infrastructure,Semiconductor/Hardware,3674,Semiconductors & Related Devices,25785000000,RevenueFromContractWithCustomerExcludingAssessedTax,69226000000,39,577,-0.0012,-0.3356,0.3343,,20168,89,13,7699,0.38174,1265,0.06272,20,0.2247,0.5644,0.6067,no,,ai|automated|generative ai|machine learning,,0.208,0.625,0.9772,0.5591,2023,html_emphasis,89,20261,93,https://www.sec.gov/Archives/edgar/data/2488/000000248825000012/amd-20241228.htm
AMD,ADVANCED MICRO DEVICES INC,AMD,2488,0000002488-26-000018,2026-02-04,2025-12-27,2025,AI-core,AI Infrastructure,Semiconductor/Hardware,3674,Semiconductors & Related Devices,34639000000,RevenueFromContractWithCustomerExcludingAssessedTax,76926000000,41,620,-0.1176,-0.331,0.2135,,21134,83,12,8323,0.39382,1285,0.0608,19,0.2289,0.5382,0.6506,no,,ai|automated|generative ai|machine learning,,0.336,0.549,0.975,0.4563,2024,html_emphasis,83,21142,8,https://www.sec.gov/Archives/edgar/data/2488/000000248826000018/amd-20251227.htm
Amazon,AMAZON COM INC,AMZN,1018724,0001018724-21-000004,2021-02-03,2020-12-31,2020,,AI Infrastructure,Hyperscaler/Platform,5961,Retail-Catalog & Mail-Order Houses,386064000000,RevenueFromContractWithCustomerExcludingAssessedTax,321195000000,0,181,,-0.3049,,LOW_SENTENCE_COUNT,7812,40,1,378,0.04839,48,0.00614,23,0.575,0.575,0.0,yes,,artificial intelligence,,0.0,1.395,,,,html_emphasis,40,7862,50,https://www.sec.gov/Archives/edgar/data/1018724/000101872421000004/amzn-20201231.htm
Amazon,AMAZON COM INC,AMZN,1018724,0001018724-22-000005,2022-02-04,2021-12-31,2021,,AI Infrastructure,Hyperscaler/Platform,5961,Retail-Catalog & Mail-Order Houses,469822000000,RevenueFromContractWithCustomerExcludingAssessedTax,420549000000,1,180,-0.0179,-0.3185,0.3006,LOW_SENTENCE_COUNT,7940,34,1,421,0.05302,50,0.0063,23,0.6765,0.6765,0.0,yes,,artificial intelligence,,0.0,0.554,0.9711,0.7816,2020,html_emphasis,34,7987,47,https://www.sec.gov/Archives/edgar/data/1018724/000101872422000005/amzn-20211231.htm
Amazon,AMAZON COM INC,AMZN,1018724,0001018724-23-000004,2023-02-03,2022-12-31,2022,,AI Infrastructure,Hyperscaler/Platform,5961,Retail-Catalog & Mail-Order Houses,513983000000,RevenueFromContractWithCustomerExcludingAssessedTax,462675000000,1,190,-0.0137,-0.3324,0.3186,LOW_SENTENCE_COUNT,8340,34,1,458,0.05492,52,0.00624,23,0.6765,0.6765,0.0,yes,,artificial intelligence,,0.0,0.528,0.9844,0.838,2021,html_emphasis,34,8390,50,https://www.sec.gov/Archives/edgar/data/1018724/000101872423000004/amzn-20221231.htm
Amazon,AMAZON COM INC,AMZN,1018724,0001018724-24-000008,2024-02-02,2023-12-31,2023,,AI Infrastructure,Hyperscaler/Platform,5961,Retail-Catalog & Mail-Order Houses,574785000000,RevenueFromContractWithCustomerExcludingAssessedTax,527854000000,5,211,-0.1138,-0.302,0.1882,,9376,35,6,2642,0.28178,161,0.01717,3,0.0857,0.4048,0.6,no,,artificial intelligence|machine learning,,0.0,0.469,0.8087,0.1458,2022,html_emphasis,35,9431,55,https://www.sec.gov/Archives/edgar/data/1018724/000101872424000008/amzn-20231231.htm
Amazon,AMAZON COM INC,AMZN,1018724,0001018724-25-000004,2025-02-07,2024-12-31,2024,,AI Infrastructure,Hyperscaler/Platform,5961,Retail-Catalog & Mail-Order Houses,637959000000,RevenueFromContractWithCustomerExcludingAssessedTax,624894000000,5,212,-0.1141,-0.2993,0.1852,,9417,35,6,2675,0.28406,168,0.01784,3,0.0857,0.4048,0.6,no,,artificial intelligence|automation|machine learning,,0.0,0.467,0.9976,0.942,2023,html_emphasis,35,9472,55,https://www.sec.gov/Archives/edgar/data/1018724/000101872425000004/amzn-20241231.htm
Amazon,AMAZON COM INC,AMZN,1018724,0001018724-26-000004,2026-02-06,2025-12-31,2025,,AI Infrastructure,Hyperscaler/Platform,5961,Retail-Catalog & Mail-Order Houses,716924000000,RevenueFromContractWithCustomerExcludingAssessedTax,818042000000,11,205,0.0339,-0.3147,0.3486,,9595,35,12,4358,0.45419,425,0.04429,3,0.0857,0.4167,0.6857,no,,artificial intelligence|automation|machine learning,,0.0,0.459,0.9699,0.5852,2024,html_emphasis,35,9650,55,https://www.sec.gov/Archives/edgar/data/1018724/000101872426000004/amzn-20251231.htm
Amex,AMERICAN EXPRESS CO,AXP,4962,0000004962-20-000030,2020-02-13,2019-12-31,2019,AI-peripheral,,,6199,Finance Services,28159000000,RevenueFromContractWithCustomerExcludingAssessedTax,198321000000,2,389,0.2007,-0.3726,0.5733,LOW_SENTENCE_COUNT,14302,70,2,897,0.06272,102,0.00713,23,0.3286,0.3357,0.0143,yes,,artificial intelligence|machine learning,,0.111,1.811,,,,html_emphasis,70,14368,66,https://www.sec.gov/Archives/edgar/data/4962/000000496220000030/axp-20191231.htm
Amex,AMERICAN EXPRESS CO,AXP,4962,0000004962-21-000013,2021-02-12,2020-12-31,2020,AI-peripheral,,,6199,Finance Services,21974000000,RevenueFromContractWithCustomerExcludingAssessedTax,191367000000,3,402,-0.136,-0.3745,0.2386,LOW_SENTENCE_COUNT,14902,66,2,906,0.0608,132,0.00886,22,0.3333,0.3409,0.0152,yes,,artificial intelligence|machine learning,,0.11,1.671,0.9594,0.7351,2019,html_emphasis,66,14965,63,https://www.sec.gov/Archives/edgar/data/4962/000000496221000013/axp-20201231.htm
Amex,AMERICAN EXPRESS CO,AXP,4962,0000004962-22-000008,2022-02-11,2021-12-31,2021,AI-peripheral,,,6199,Finance Services,27716000000,RevenueFromContractWithCustomerExcludingAssessedTax,188548000000,2,382,-0.3065,-0.3681,0.0616,LOW_SENTENCE_COUNT,14840,58,3,1079,0.07271,75,0.00505,19,0.3276,0.3448,0.0345,yes,,artificial intelligence|automated|machine learning,,0.0,0.916,0.9608,0.654,2020,html_emphasis,58,14846,6,https://www.sec.gov/Archives/edgar/data/4962/000000496222000008/axp-20211231.htm
Amex,AMERICAN EXPRESS CO,AXP,4962,0000004962-23-000006,2023-02-10,2022-12-31,2022,AI-peripheral,,,6199,Finance Services,34219000000,RevenueFromContractWithCustomerExcludingAssessedTax,228354000000,3,389,-0.1172,-0.3524,0.2352,LOW_SENTENCE_COUNT,15254,56,2,883,0.05789,134,0.00878,19,0.3393,0.3482,0.0179,yes,,artificial intelligence|machine learning,,0.0,0.846,0.9484,0.4896,2021,html_emphasis,56,15314,60,https://www.sec.gov/Archives/edgar/data/4962/000000496223000006/axp-20221231.htm
Amex,AMERICAN EXPRESS CO,AXP,4962,0000004962-24-000013,2024-02-09,2023-12-31,2023,AI-peripheral,,,6199,Finance Services,37218000000,RevenueFromContractWithCustomerExcludingAssessedTax,261108000000,10,411,-0.146,-0.3288,0.1828,,17091,63,5,3106,0.18173,451,0.02639,17,0.2698,0.3587,0.1905,no,,artificial intelligence|automated|machine learning,,0.0,0.731,0.8962,0.2381,2022,html_emphasis,63,17159,68,https://www.sec.gov/Archives/edgar/data/4962/000000496224000013/axp-20231231.htm
Amex,AMERICAN EXPRESS CO,AXP,4962,0000004962-25-000016,2025-02-07,2024-12-31,2024,AI-peripheral,,,6199,Finance Services,38825000000,RevenueFromContractWithCustomerExcludingAssessedTax,271461000000,14,407,-0.1849,-0.3386,0.1538,,17334,62,8,3766,0.21726,627,0.03617,16,0.2581,0.4153,0.3065,no,,artificial intelligence|automated|automation|machine learning,,0.0,0.681,0.9847,0.6054,2023,html_emphasis,62,17402,68,https://www.sec.gov/Archives/edgar/data/4962/000000496225000016/axp-20241231.htm
Amex,AMERICAN EXPRESS CO,AXP,4962,0000004962-26-000080,2026-02-06,2025-12-31,2025,AI-peripheral,,,6199,Finance Services,41304000000,RevenueFromContractWithCustomerExcludingAssessedTax,300052000000,23,413,-0.2869,-0.3346,0.0477,,18665,62,12,6293,0.33716,931,0.04988,7,0.1129,0.3495,0.3871,no,,ai|automated|automation|generative ai,,0.0,0.621,0.953,0.4254,2024,html_emphasis,62,18673,8,https://www.sec.gov/Archives/edgar/data/4962/000000496226000080/axp-20251231.htm
Accenture,Accenture plc,ACN,1467373,0001467373-23-000324,2023-10-12,2023-08-31,2023,,AI Power Adopters,,7389,"Services-Business Services, NEC",64111745000,Revenues,51245305000,13,372,-0.394,-0.3099,-0.0841,,13859,44,6,3809,0.27484,450,0.03247,4,0.0909,0.3523,0.4773,no,,ai|automation|generative ai,,0.42,1.01,,,,html_emphasis,44,13931,72,https://www.sec.gov/Archives/edgar/data/1467373/000146737323000324/acn-20230831.htm
Accenture,Accenture plc,ACN,1467373,0001467373-24-000278,2024-10-10,2024-08-31,2024,,AI Power Adopters,,7389,"Services-Business Services, NEC",64896464000,Revenues,55932363000,26,419,-0.2222,-0.2678,0.0457,,15768,46,9,6251,0.39644,868,0.05505,4,0.087,0.401,0.6087,no,,ai|automation|generative ai,,0.56,0.951,0.9701,0.5293,2023,html_emphasis,46,15848,80,https://www.sec.gov/Archives/edgar/data/1467373/000146737324000278/acn-20240831.htm
Accenture,Accenture plc,ACN,1467373,0001467373-25-000217,2025-10-10,2025-08-31,2025,,AI Power Adopters,,7389,"Services-Business Services, NEC",69672977000,Revenues,65394897000,27,413,-0.1665,-0.2676,0.1011,,16107,45,13,8052,0.49991,868,0.05389,4,0.0889,0.3521,0.6,no,,ai|automation,,0.497,0.95,0.9912,0.6277,2024,html_emphasis,45,16191,84,https://www.sec.gov/Archives/edgar/data/1467373/000146737325000217/acn-20250831.htm
Alphabet,Alphabet Inc.,GOOGL,1652044,0001652044-24-000022,2024-01-31,2023-12-31,2023,,AI Infrastructure,Hyperscaler/Platform,7370,"Services-Computer Programming, Data Processing, Etc.",307394000000,RevenueFromContractWithCustomerExcludingAssessedTax,402392000000,23,331,0.0839,-0.3045,0.3884,,12427,56,9,3756,0.30225,807,0.06494,3,0.0536,0.3175,0.4286,no,,ai|artificial intelligence|generative ai,,0.133,0.885,,,,html_emphasis,56,12528,101,https://www.sec.gov/Archives/edgar/data/1652044/000165204424000022/goog-20231231.htm
Alphabet,Alphabet Inc.,GOOGL,1652044,0001652044-25-000014,2025-02-05,2024-12-31,2024,,AI Infrastructure,Hyperscaler/Platform,7370,"Services-Computer Programming, Data Processing, Etc.",350018000000,RevenueFromContractWithCustomerExcludingAssessedTax,450256000000,29,337,0.0445,-0.319,0.3635,,13580,55,12,6470,0.47644,981,0.07224,3,0.0545,0.3485,0.4909,no,,ai|artificial intelligence|generative ai,,0.325,0.972,0.9765,0.504,2023,html_emphasis,55,13691,111,https://www.sec.gov/Archives/edgar/data/1652044/000165204425000014/goog-20241231.htm
Alphabet,Alphabet Inc.,GOOGL,1652044,0001652044-26-000018,2026-02-05,2025-12-31,2025,,AI Infrastructure,Hyperscaler/Platform,7370,"Services-Computer Programming, Data Processing, Etc.",402836000000,Revenues,595281000000,39,350,-0.0473,-0.319,0.2718,,13791,55,16,8547,0.61975,1302,0.09441,2,0.0364,0.3625,0.6909,no,,ai|artificial intelligence|generative ai,,0.363,0.957,0.9864,0.5287,2024,html_emphasis,55,13897,106,https://www.sec.gov/Archives/edgar/data/1652044/000165204426000018/goog-20251231.htm
Apple,Apple Inc.,AAPL,320193,0001193125-15-356351,2015-10-28,2015-09-26,2015,,AI Infrastructure,,3571,Electronic Computers,233715000000,SalesRevenueNet,290479000000,0,307,,-0.2237,,LOW_SENTENCE_COUNT,9445,41,0,0,0.0,0,0.0,,,,,,,,,,2.583,,,,html_emphasis,41,9503,58,https://www.sec.gov/Archives/edgar/data/320193/000119312515356351/d17062d10k.htm
Apple,Apple Inc.,AAPL,320193,0001628280-16-020309,2016-10-26,2016-09-24,2016,,AI Infrastructure,,3571,Electronic Computers,215639000000,Revenues,321686000000,0,292,,-0.2437,,LOW_SENTENCE_COUNT,8970,41,0,0,0.0,0,0.0,,,,,,,,,,2.419,,,,html_emphasis,41,8983,13,https://www.sec.gov/Archives/edgar/data/320193/000162828016020309/a201610-k9242016.htm
Apple,Apple Inc.,AAPL,320193,0000320193-17-000070,2017-11-03,2017-09-30,2017,,AI Infrastructure,,3571,Electronic Computers,229234000000,RevenueFromContractWithCustomerExcludingAssessedTax,375319000000,0,288,,-0.2508,,LOW_SENTENCE_COUNT,9060,41,0,0,0.0,0,0.0,,,,,,,,,,2.406,,,,html_emphasis,41,9073,13,https://www.sec.gov/Archives/edgar/data/320193/000032019317000070/a10-k20179302017.htm
Apple,Apple Inc.,AAPL,320193,0000320193-18-000145,2018-11-05,2018-09-29,2018,,AI Infrastructure,,3571,Electronic Computers,265595000000,RevenueFromContractWithCustomerExcludingAssessedTax,365725000000,0,289,,-0.3016,,LOW_SENTENCE_COUNT,9095,46,0,0,0.0,0,0.0,,,,,,,,,,1.759,,,,html_emphasis,46,9108,13,https://www.sec.gov/Archives/edgar/data/320193/000032019318000145/a10-k20189292018.htm
Apple,Apple Inc.,AAPL,320193,0000320193-19-000119,2019-10-31,2019-09-28,2019,,AI Infrastructure,,3571,Electronic Computers,260174000000,RevenueFromContractWithCustomerExcludingAssessedTax,338516000000,0,285,,-0.2999,,LOW_SENTENCE_COUNT,9009,48,0,0,0.0,0,0.0,,,,,,,,,,1.898,,,,html_emphasis,48,9022,13,https://www.sec.gov/Archives/edgar/data/320193/000032019319000119/a10-k20199282019.htm
Apple,Apple Inc.,AAPL,320193,0000320193-20-000096,2020-10-30,2020-09-26,2020,,AI Infrastructure,,3571,Electronic Computers,274515000000,RevenueFromContractWithCustomerExcludingAssessedTax,323888000000,0,308,,-0.3078,,LOW_SENTENCE_COUNT,9870,46,0,0,0.0,0,0.0,,,,,,,,,,2.128,,,,html_emphasis,46,9874,4,https://www.sec.gov/Archives/edgar/data/320193/000032019320000096/aapl-20200926.htm
Apple,Apple Inc.,AAPL,320193,0000320193-21-000105,2021-10-29,2021-09-25,2021,,AI Infrastructure,,3571,Electronic Computers,365817000000,RevenueFromContractWithCustomerExcludingAssessedTax,351002000000,0,325,,-0.3146,,LOW_SENTENCE_COUNT,10734,47,0,0,0.0,0,0.0,,,,,,,,,,1.379,,,,html_emphasis,47,10738,4,https://www.sec.gov/Archives/edgar/data/320193/000032019321000105/aapl-20210925.htm
Apple,Apple Inc.,AAPL,320193,0000320193-22-000108,2022-10-28,2022-09-24,2022,,AI Infrastructure,,3571,Electronic Computers,394328000000,RevenueFromContractWithCustomerExcludingAssessedTax,352755000000,0,337,,-0.318,,LOW_SENTENCE_COUNT,11199,46,0,0,0.0,0,0.0,,,,,,,,,,1.188,,,,html_emphasis,46,11203,4,https://www.sec.gov/Archives/edgar/data/320193/000032019322000108/aapl-20220924.htm
Apple,Apple Inc.,AAPL,320193,0000320193-23-000106,2023-11-03,2023-09-30,2023,,AI Infrastructure,,3571,Electronic Computers,383285000000,RevenueFromContractWithCustomerExcludingAssessedTax,352583000000,0,329,,-0.3008,,LOW_SENTENCE_COUNT,11006,47,1,452,0.04107,0,0.0,24,0.5106,0.5106,0.0,yes,,artificial intelligence|machine learning,,0.0,1.345,,,,html_emphasis,47,11010,4,https://www.sec.gov/Archives/edgar/data/320193/000032019323000106/aapl-20230930.htm
Apple,Apple Inc.,AAPL,320193,0000320193-24-000123,2024-11-01,2024-09-28,2024,,AI Infrastructure,,3571,Electronic Computers,391035000000,RevenueFromContractWithCustomerExcludingAssessedTax,364980000000,2,337,-0.3053,-0.2947,-0.0106,LOW_SENTENCE_COUNT,11616,47,2,781,0.06723,84,0.00723,8,0.1702,0.3191,0.2979,no,,artificial intelligence|machine learning,,0.384,1.179,0.9534,0.5383,2023,html_emphasis,47,11620,4,https://www.sec.gov/Archives/edgar/data/320193/000032019324000123/aapl-20240928.htm
Apple,Apple Inc.,AAPL,320193,0000320193-25-000079,2025-10-31,2025-09-27,2025,,AI Infrastructure,,3571,Electronic Computers,416161000000,RevenueFromContractWithCustomerExcludingAssessedTax,359241000000,4,340,-0.2086,-0.3169,0.1083,LOW_SENTENCE_COUNT,11642,46,5,2070,0.1778,138,0.01185,8,0.1739,0.3652,0.3478,no,,artificial intelligence|machine learning,,0.29,1.46,0.9312,0.2903,2024,html_emphasis,46,11646,4,https://www.sec.gov/Archives/edgar/data/320193/000032019325000079/aapl-20250927.htm
Broadcom,Broadcom Inc.,AVGO,1730168,0001730168-18-000084,2018-12-21,2018-11-04,2018,,AI Infrastructure,Semiconductor/Hardware,3674,Semiconductors & Related Devices,20848000000,RevenueFromContractWithCustomerExcludingAssessedTax,50124000000,0,502,,-0.316,,LOW_SENTENCE_COUNT,17931,97,0,0,0.0,0,0.0,,,,,,,,,,1.679,,,,html_emphasis,97,18013,82,https://www.sec.gov/Archives/edgar/data/1730168/000173016818000084/avgo-11042018x10k.htm
Broadcom,Broadcom Inc.,AVGO,1730168,0001730168-19-000144,2019-12-20,2019-11-03,2019,,AI Infrastructure,Semiconductor/Hardware,3674,Semiconductors & Related Devices,22597000000,RevenueFromContractWithCustomerExcludingAssessedTax,67493000000,0,514,,-0.3108,,LOW_SENTENCE_COUNT,18303,100,0,0,0.0,0,0.0,,,,,,,,,,1.808,,,,html_emphasis,100,18391,88,https://www.sec.gov/Archives/edgar/data/1730168/000173016819000144/avgo-11032019x10k.htm
Broadcom,Broadcom Inc.,AVGO,1730168,0001730168-20-000226,2020-12-18,2020-11-01,2020,,AI Infrastructure,Semiconductor/Hardware,3674,Semiconductors & Related Devices,23888000000,RevenueFromContractWithCustomerExcludingAssessedTax,75933000000,1,497,-0.8484,-0.3876,-0.4608,LOW_SENTENCE_COUNT,16586,106,1,301,0.01815,35,0.00211,72,0.6792,0.6792,0.0,yes,,artificial intelligence,,0.0,1.531,,,,html_emphasis,106,16664,78,https://www.sec.gov/Archives/edgar/data/1730168/000173016820000226/avgo-20201101.htm
Broadcom,Broadcom Inc.,AVGO,1730168,0001730168-21-000153,2021-12-17,2021-10-31,2021,,AI Infrastructure,Semiconductor/Hardware,3674,Semiconductors & Related Devices,27450000000,RevenueFromContractWithCustomerExcludingAssessedTax,75570000000,1,481,-0.8484,-0.3969,-0.4515,LOW_SENTENCE_COUNT,15802,101,1,332,0.02101,35,0.00221,72,0.7129,0.7129,0.0,yes,,artificial intelligence,,0.0,0.861,0.9795,0.8825,2020,html_emphasis,101,15877,75,https://www.sec.gov/Archives/edgar/data/1730168/000173016821000153/avgo-20211031.htm
Broadcom,Broadcom Inc.,AVGO,1730168,0001730168-22-000118,2022-12-16,2022-10-30,2022,,AI Infrastructure,Semiconductor/Hardware,3674,Semiconductors & Related Devices,33203000000,RevenueFromContractWithCustomerExcludingAssessedTax,73249000000,1,489,-0.8484,-0.3946,-0.4538,LOW_SENTENCE_COUNT,16411,105,1,332,0.02023,35,0.00213,76,0.7238,0.7238,0.0,yes,,artificial intelligence,,0.0,0.92,1.0,1.0,2021,html_emphasis,105,16486,75,https://www.sec.gov/Archives/edgar/data/1730168/000173016822000118/avgo-20221030.htm
Broadcom,Broadcom Inc.,AVGO,1730168,0001730168-23-000096,2023-12-14,2023-10-29,2023,,AI Infrastructure,Semiconductor/Hardware,3674,Semiconductors & Related Devices,35819000000,RevenueFromContractWithCustomerExcludingAssessedTax,72861000000,1,512,-0.8484,-0.3888,-0.4596,LOW_SENTENCE_COUNT,17200,114,1,329,0.01913,35,0.00203,79,0.693,0.693,0.0,yes,,artificial intelligence,,0.0,1.012,0.9932,0.9551,2022,html_emphasis,114,17280,80,https://www.sec.gov/Archives/edgar/data/1730168/000173016823000096/avgo-20231029.htm
Broadcom,Broadcom Inc.,AVGO,1730168,0001730168-24-000139,2024-12-20,2024-11-03,2024,,AI Infrastructure,Semiconductor/Hardware,3674,Semiconductors & Related Devices,51574000000,RevenueFromContractWithCustomerExcludingAssessedTax,165645000000,12,409,-0.4559,-0.3718,-0.0842,,14034,80,7,2761,0.19674,449,0.03199,33,0.4125,0.5786,0.5,no,,ai|automation,,0.0,0.834,0.7251,0.1022,2023,html_emphasis,80,14105,71,https://www.sec.gov/Archives/edgar/data/1730168/000173016824000139/avgo-20241103.htm
Broadcom,Broadcom Inc.,AVGO,1730168,0001730168-25-000121,2025-12-18,2025-11-02,2025,,AI Infrastructure,Semiconductor/Hardware,3674,Semiconductors & Related Devices,63887000000,RevenueFromContractWithCustomerExcludingAssessedTax,171092000000,19,396,-0.5563,-0.3775,-0.1788,,14806,77,14,5229,0.35317,771,0.05207,2,0.026,0.4861,0.8701,no,,ai|automation,,0.076,0.736,0.9311,0.3934,2024,html_emphasis,77,14880,74,https://www.sec.gov/Archives/edgar/data/1730168/000173016825000121/avgo-20251102.htm
Deere,DEERE & CO,DE,315189,0001104659-14-087794,2014-12-19,2014-10-31,2014,,AI Power Adopters,,3523,Farm Machinery & Equipment,36066900000,Revenues,61336400000,0,161,,-0.4035,,LOW_SENTENCE_COUNT,5344,32,0,0,0.0,0,0.0,,,,,,,,,,1.684,,,,html_emphasis,32,5373,29,https://www.sec.gov/Archives/edgar/data/315189/000110465914087794/a14-20671_110k.htm
Deere,DEERE & CO,DE,315189,0001047469-15-009300,2015-12-18,2015-10-31,2015,,AI Power Adopters,,3523,Farm Machinery & Equipment,28862800000,Revenues,57947600000,0,163,,-0.3949,,LOW_SENTENCE_COUNT,5349,31,0,0,0.0,0,0.0,,,,,,,,,,1.757,,,,html_emphasis,31,5360,11,https://www.sec.gov/Archives/edgar/data/315189/000104746915009300/a2226814z10-k.htm
Deere,DEERE & CO,DE,315189,0001047469-16-017244,2016-12-19,2016-10-31,2016,,AI Power Adopters,,3523,Farm Machinery & Equipment,26644000000,Revenues,57981400000,0,181,,-0.3904,,LOW_SENTENCE_COUNT,6080,34,0,0,0.0,0,0.0,,,,,,,,,,1.25,,,,html_emphasis,34,6091,11,https://www.sec.gov/Archives/edgar/data/315189/000104746916017244/a2230400z10-k.htm
Deere,DEERE & CO,DE,315189,0001047469-17-007719,2017-12-18,2017-10-29,2017,,AI Power Adopters,,3523,Farm Machinery & Equipment,29738000000,Revenues,65786300000,0,194,,-0.394,,LOW_SENTENCE_COUNT,6315,33,0,0,0.0,0,0.0,,,,,,,,,,1.362,,,,html_emphasis,33,6338,23,https://www.sec.gov/Archives/edgar/data/315189/000104746917007719/a2233505z10-k.htm
Deere,DEERE & CO,DE,315189,0001047469-18-007694,2018-12-17,2018-10-28,2018,,AI Power Adopters,,3523,Farm Machinery & Equipment,37358000000,Revenues,70108000000,0,192,,-0.3892,,LOW_SENTENCE_COUNT,6454,33,0,0,0.0,0,0.0,,,,,,,,,,1.658,,,,html_emphasis,33,6477,23,https://www.sec.gov/Archives/edgar/data/315189/000104746918007694/a2236950z10-k.htm
Deere,DEERE & CO,DE,315189,0001558370-19-011614,2019-12-19,2019-11-03,2019,,AI Power Adopters,,3523,Farm Machinery & Equipment,39258000000,Revenues,73011000000,0,212,,-0.3918,,LOW_SENTENCE_COUNT,6834,39,0,0,0.0,0,0.0,,,,,,,,,,1.507,,,,html_emphasis,39,6872,38,https://www.sec.gov/Archives/edgar/data/315189/000155837019011614/de-20191103x10k.htm
Deere,DEERE & CO,DE,315189,0001558370-20-014436,2020-12-17,2020-11-01,2020,,AI Power Adopters,,3523,Farm Machinery & Equipment,35540000000,Revenues,75091000000,1,242,0.0316,-0.4507,0.4824,LOW_SENTENCE_COUNT,8301,46,1,203,0.02445,22,0.00265,36,0.7826,0.7826,0.0,yes,,automation,yes,0.0,1.144,,,,html_emphasis,46,8342,41,https://www.sec.gov/Archives/edgar/data/315189/000155837020014436/de-20201101x10k.htm
Deere,DEERE & CO,DE,315189,0001558370-21-016864,2021-12-16,2021-10-31,2021,,AI Power Adopters,,3523,Farm Machinery & Equipment,44024000000,Revenues,84114000000,1,269,0.0316,-0.4339,0.4655,LOW_SENTENCE_COUNT,9531,44,1,203,0.0213,22,0.00231,37,0.8409,0.8409,0.0,yes,,automation,yes,0.0,0.713,0.9762,0.7611,2020,html_emphasis,44,9575,44,https://www.sec.gov/Archives/edgar/data/315189/000155837021016864/de-20211031x10k.htm
Deere,DEERE & CO,DE,315189,0001558370-22-018703,2022-12-15,2022-10-30,2022,,AI Power Adopters,,3523,Farm Machinery & Equipment,52577000000,Revenues,90030000000,1,283,0.0316,-0.4127,0.4444,LOW_SENTENCE_COUNT,9519,45,2,610,0.06408,22,0.00231,10,0.2222,0.2556,0.0667,yes,,automation,yes,0.492,0.63,0.7649,0.2185,2021,html_emphasis,45,9563,44,https://www.sec.gov/Archives/edgar/data/315189/000155837022018703/de-20221030x10k.htm
Deere,DEERE & CO,DE,315189,0001558370-23-019812,2023-12-15,2023-10-29,2023,,AI Power Adopters,,3523,Farm Machinery & Equipment,61251000000,Revenues,104087000000,3,302,-0.0097,-0.4055,0.3958,LOW_SENTENCE_COUNT,9315,43,1,289,0.03103,60,0.00644,10,0.2326,0.2326,0.0,yes,,automation|machine learning,,0.0,0.837,0.4282,0.0991,2022,html_emphasis,43,9362,47,https://www.sec.gov/Archives/edgar/data/315189/000155837023019812/de-20231029x10k.htm
Deere,DEERE & CO,DE,315189,0001558370-24-016169,2024-12-12,2024-10-27,2024,,AI Power Adopters,,3523,Farm Machinery & Equipment,51716000000,Revenues,107320000000,8,303,-0.2679,-0.4179,0.1499,,9896,40,2,587,0.05932,263,0.02658,17,0.425,0.55,0.25,no,,artificial intelligence|automation|machine learning,,0.0,0.616,0.7736,0.1271,2023,html_emphasis,40,9948,52,https://www.sec.gov/Archives/edgar/data/315189/000155837024016169/de-20241027x10k.htm
Deere,DEERE & CO,DE,315189,0001104659-25-122321,2025-12-18,2025-11-02,2025,,AI Power Adopters,,3523,Farm Machinery & Equipment,45684000000,Revenues,105996000000,10,317,-0.2837,-0.363,0.0793,,10598,29,4,1747,0.16484,346,0.03265,15,0.5172,0.75,0.3793,no,,artificial intelligence|automation|large language models|machine learning,,0.0,0.802,0.8002,0.1461,2024,html_emphasis,29,10656,58,https://www.sec.gov/Archives/edgar/data/315189/000110465925122321/de-20251102x10k.htm
Dell,Dell Technologies Inc.,DELL,1571996,0001571996-23-000007,2023-03-30,2023-02-03,2023,AI-peripheral,,,3571,Electronic Computers,102301000000,Revenues,89611000000,1,326,0.2588,-0.3501,0.6088,LOW_SENTENCE_COUNT,11036,52,1,946,0.08572,31,0.00281,10,0.1923,0.1923,0.0,yes,,ai|artificial intelligence,,0.211,1.912,,,,html_emphasis,52,11089,53,https://www.sec.gov/Archives/edgar/data/1571996/000157199623000007/dell-20230203.htm
Dell,Dell Technologies Inc.,DELL,1571996,0001571996-24-000036,2024-03-25,2024-02-02,2024,AI-peripheral,,,3571,Electronic Computers,88425000000,Revenues,82089000000,8,358,-0.2914,-0.3069,0.0155,,12486,54,3,1072,0.08586,242,0.01938,4,0.0741,0.1049,0.0556,yes,,ai|generative ai,,0.0,1.618,0.6189,0.0,2023,html_emphasis,54,12554,68,https://www.sec.gov/Archives/edgar/data/1571996/000157199624000036/dell-20240202.htm
Dell,Dell Technologies Inc.,DELL,1571996,0001571996-25-000034,2025-03-25,2025-01-31,2025,AI-peripheral,,,3571,Electronic Computers,95567000000,Revenues,79746000000,19,338,-0.2394,-0.3346,0.0952,,12389,55,7,2829,0.22835,662,0.05343,3,0.0545,0.1247,0.1818,no,,ai|artificial intelligence|generative ai,,0.0,1.517,0.7933,0.1422,2024,html_emphasis,55,12392,3,https://www.sec.gov/Archives/edgar/data/1571996/000157199625000034/dell-20250131.htm
Dell,Dell Technologies Inc.,DELL,1571996,0001571996-26-000008,2026-03-16,2026-01-30,2026,AI-peripheral,,,3571,Electronic Computers,113538000000,Revenues,101286000000,21,342,-0.2159,-0.3274,0.1115,,12533,57,7,2834,0.22612,723,0.05769,3,0.0526,0.1178,0.1579,no,,ai|artificial intelligence,,0.0,1.564,0.9913,0.8267,2025,html_emphasis,57,12596,63,https://www.sec.gov/Archives/edgar/data/1571996/000157199626000008/dell-20260130.htm
EliLilly,ELI LILLY & Co,LLY,59478,0000059478-22-000068,2022-02-23,2021-12-31,2021,,AI Power Adopters,,2834,Pharmaceutical Preparations,28318400000,Revenues,48806000000,0,186,,-0.3774,,LOW_SENTENCE_COUNT,6554,37,0,0,0.0,0,0.0,,,,,,,,,,1.922,,,,html_emphasis,37,6564,10,https://www.sec.gov/Archives/edgar/data/59478/000005947822000068/lly-20211231.htm
EliLilly,ELI LILLY & Co,LLY,59478,0000059478-23-000082,2023-02-22,2022-12-31,2022,,AI Power Adopters,,2834,Pharmaceutical Preparations,28541400000,Revenues,49489800000,0,210,,-0.3577,,LOW_SENTENCE_COUNT,7831,38,0,0,0.0,0,0.0,,,,,,,,,,1.494,,,,html_emphasis,38,7841,10,https://www.sec.gov/Archives/edgar/data/59478/000005947823000082/lly-20221231.htm
EliLilly,ELI LILLY & Co,LLY,59478,0000059478-24-000065,2024-02-21,2023-12-31,2023,,AI Power Adopters,,2834,Pharmaceutical Preparations,34124100000,Revenues,64006300000,12,279,-0.4343,-0.3052,-0.1292,,10354,42,1,388,0.03747,326,0.03149,21,0.5,0.5,0.0,yes,,ai|artificial intelligence|generative ai,,0.0,1.024,,,,html_emphasis,42,10366,12,https://www.sec.gov/Archives/edgar/data/59478/000005947824000065/lly-20231231.htm
EliLilly,ELI LILLY & Co,LLY,59478,0000059478-25-000067,2025-02-19,2024-12-31,2024,,AI Power Adopters,,2834,Pharmaceutical Preparations,45043000000,Revenues,78714900000,14,311,-0.4927,-0.3122,-0.1806,,11197,40,2,917,0.0819,369,0.03296,21,0.525,0.6625,0.275,no,,ai|artificial intelligence,,0.218,1.036,0.7003,0.3368,2023,html_emphasis,40,11209,12,https://www.sec.gov/Archives/edgar/data/59478/000005947825000067/lly-20241231.htm
EliLilly,ELI LILLY & Co,LLY,59478,0000059478-26-000013,2026-02-12,2025-12-31,2025,,AI Power Adopters,,2834,Pharmaceutical Preparations,65179000000,Revenues,112476000000,18,338,-0.255,-0.3194,0.0644,,12457,42,3,1596,0.12812,528,0.04239,20,0.4762,0.5952,0.3333,no,,ai|artificial intelligence,,0.188,0.915,0.9189,0.4132,2024,html_emphasis,42,12469,12,https://www.sec.gov/Archives/edgar/data/59478/000005947826000013/lly-20251231.htm
IBM,INTERNATIONAL BUSINESS MACHINES CORP,IBM,51143,0001558370-20-001334,2020-02-25,2019-12-31,2019,AI-peripheral,,,3570,Computer & office Equipment,77147000000,Revenues,152186000000,2,141,-0.0118,-0.3222,0.3104,LOW_SENTENCE_COUNT,5167,31,3,1046,0.20244,101,0.01955,2,0.0645,0.129,0.1613,no,,artificial intelligence|automation,,0.0,1.2,,,,html_emphasis,31,5190,23,https://www.sec.gov/Archives/edgar/data/51143/000155837020001334/ibm-20191231x10k2af531.htm
IBM,INTERNATIONAL BUSINESS MACHINES CORP,IBM,51143,0001558370-21-001489,2021-02-23,2020-12-31,2020,AI-peripheral,,,3570,Computer & office Equipment,73620000000,Revenues,155971000000,2,148,-0.0519,-0.3203,0.2683,LOW_SENTENCE_COUNT,5815,38,4,1298,0.22322,117,0.02012,3,0.0789,0.2697,0.5,no,,ai|artificial intelligence|automation,,0.077,1.187,0.9726,0.6098,2019,html_emphasis,38,5841,26,https://www.sec.gov/Archives/edgar/data/51143/000155837021001489/ibm-20201231x10k.htm
IBM,INTERNATIONAL BUSINESS MACHINES CORP,IBM,51143,0001558370-22-001584,2022-02-22,2021-12-31,2021,AI-peripheral,,,3570,Computer & office Equipment,57350000000,Revenues,132001000000,2,139,-0.0532,-0.3196,0.2664,LOW_SENTENCE_COUNT,5732,37,4,1356,0.23657,115,0.02006,3,0.0811,0.25,0.4595,no,,ai|artificial intelligence|automation,,0.074,1.186,0.992,0.7982,2020,html_emphasis,37,5758,26,https://www.sec.gov/Archives/edgar/data/51143/000155837022001584/ibm-20211231x10k.htm
IBM,INTERNATIONAL BUSINESS MACHINES CORP,IBM,51143,0001558370-23-002376,2023-02-28,2022-12-31,2022,AI-peripheral,,,3570,Computer & office Equipment,60530000000,Revenues,127243000000,1,137,0.8106,-0.317,1.1276,LOW_SENTENCE_COUNT,5638,37,4,1338,0.23732,114,0.02022,3,0.0811,0.25,0.4595,no,,ai|artificial intelligence|automation,,0.0,1.029,0.9975,0.9625,2021,html_emphasis,37,5664,26,https://www.sec.gov/Archives/edgar/data/51143/000155837023002376/ibm-20221231x10k.htm
IBM,INTERNATIONAL BUSINESS MACHINES CORP,IBM,51143,0000051143-24-000012,2024-02-26,2023-12-31,2023,AI-peripheral,,,3570,Computer & office Equipment,61860000000,Revenues,135241000000,3,172,-0.1743,-0.2447,0.0704,LOW_SENTENCE_COUNT,6651,38,5,1693,0.25455,147,0.0221,3,0.0789,0.2421,0.4474,no,,ai|automation|generative ai,,0.059,0.857,0.9777,0.696,2022,html_emphasis,38,6680,29,https://www.sec.gov/Archives/edgar/data/51143/000005114324000012/ibm-20231231.htm
IBM,INTERNATIONAL BUSINESS MACHINES CORP,IBM,51143,0000051143-25-000015,2025-02-25,2024-12-31,2024,AI-peripheral,,,3570,Computer & office Equipment,62753000000,Revenues,137175000000,10,167,-0.0094,-0.2383,0.2289,,6862,37,8,3399,0.49534,425,0.06194,3,0.0811,0.348,0.8378,no,,ai|automation|generative ai,,0.5,0.772,0.9301,0.4992,2023,html_emphasis,37,6891,29,https://www.sec.gov/Archives/edgar/data/51143/000005114325000015/ibm-20241231.htm
IBM,INTERNATIONAL BUSINESS MACHINES CORP,IBM,51143,0000051143-26-000010,2026-02-24,2025-12-31,2025,AI-peripheral,,,3570,Computer & office Equipment,67535000000,Revenues,151880000000,9,164,0.0443,-0.2413,0.2856,,6879,39,8,3413,0.49615,346,0.0503,3,0.0769,0.3301,0.7949,no,,ai|automation,,0.498,0.77,0.9913,0.7409,2024,html_emphasis,39,6908,29,https://www.sec.gov/Archives/edgar/data/51143/000005114326000010/ibm-20251231.htm
Intuit,INTUIT INC.,INTU,896878,0000896878-20-000148,2020-08-31,2020-07-31,2020,,AI Power Adopters,,7372,Services-Prepackaged Software,7679000000,RevenueFromContractWithCustomerExcludingAssessedTax,10931000000,0,392,,-0.3956,,LOW_SENTENCE_COUNT,14025,50,0,0,0.0,0,0.0,,,,,,,,,,2.189,,,,html_emphasis,50,14048,23,https://www.sec.gov/Archives/edgar/data/896878/000089687820000148/fy20q410-kdocument.htm
Intuit,INTUIT INC.,INTU,896878,0000896878-21-000233,2021-09-08,2021-07-31,2021,,AI Power Adopters,,7372,Services-Prepackaged Software,9633000000,RevenueFromContractWithCustomerExcludingAssessedTax,15516000000,0,365,,-0.3955,,LOW_SENTENCE_COUNT,13097,50,0,0,0.0,0,0.0,,,,,,,,,,1.535,,,,html_emphasis,50,13117,20,https://www.sec.gov/Archives/edgar/data/896878/000089687821000233/intu-20210731.htm
Intuit,INTUIT INC.,INTU,896878,0000896878-22-000028,2022-09-02,2022-07-31,2022,,AI Power Adopters,,7372,Services-Prepackaged Software,12726000000,RevenueFromContractWithCustomerExcludingAssessedTax,27734000000,5,359,0.1849,-0.4116,0.5965,,12932,47,5,2351,0.1818,223,0.01724,3,0.0638,0.3362,0.4043,no,,ai|artificial intelligence,,0.255,1.446,,,,html_emphasis,47,12952,20,https://www.sec.gov/Archives/edgar/data/896878/000089687822000028/intu-20220731.htm
Intuit,INTUIT INC.,INTU,896878,0000896878-23-000034,2023-09-01,2023-07-31,2023,,AI Power Adopters,,7372,Services-Prepackaged Software,14368000000,RevenueFromContractWithCustomerExcludingAssessedTax,27780000000,21,359,-0.4388,-0.4007,-0.0382,,13571,47,11,4515,0.33269,642,0.04731,1,0.0213,0.2244,0.4468,no,,ai|artificial intelligence|automation|generative ai,,0.332,1.267,0.9604,0.3979,2022,html_emphasis,47,13591,20,https://www.sec.gov/Archives/edgar/data/896878/000089687823000034/intu-20230731.htm
Intuit,INTUIT INC.,INTU,896878,0000896878-24-000039,2024-09-04,2024-07-31,2024,,AI Power Adopters,,7372,Services-Prepackaged Software,16285000000,RevenueFromContractWithCustomerExcludingAssessedTax,32132000000,28,382,-0.3926,-0.3722,-0.0204,,14691,49,13,5918,0.40283,798,0.05432,1,0.0204,0.2182,0.449,no,,ai|artificial intelligence|automated|automation|generative ai,,0.321,1.178,0.9801,0.5148,2023,html_emphasis,49,14713,22,https://www.sec.gov/Archives/edgar/data/896878/000089687824000039/intu-20240731.htm
Intuit,INTUIT INC.,INTU,896878,0000896878-25-000035,2025-09-03,2025-07-31,2025,,AI Power Adopters,,7372,Services-Prepackaged Software,18831000000,RevenueFromContractWithCustomerExcludingAssessedTax,36958000000,28,384,-0.3164,-0.371,0.0546,,14640,49,13,5871,0.40102,799,0.05458,1,0.0204,0.2182,0.449,no,,ai|artificial intelligence|automated|genai,,0.29,1.113,0.9936,0.7242,2024,html_emphasis,49,14662,22,https://www.sec.gov/Archives/edgar/data/896878/000089687825000035/intu-20250731.htm
JPMorgan,JPMORGAN CHASE & CO,JPM,19617,0001628280-26-008131,2026-02-13,2025-12-31,2025,,AI Power Adopters,,6021,National Commercial Banks,182447000000,Revenues,4424900000000,8,323,-0.6983,-0.5052,-0.1931,,16416,58,6,2856,0.17398,267,0.01626,27,0.4655,0.658,0.3276,no,,ai|artificial intelligence|automated|automation|generative ai,,0.0,0.67,,,,html_emphasis,58,16438,22,https://www.sec.gov/Archives/edgar/data/19617/000162828026008131/jpm-20251231.htm
Microsoft,MICROSOFT CORP,MSFT,789019,0001564590-20-034944,2020-07-30,2020-06-30,2020,AI-core,AI Infrastructure,Hyperscaler/Platform,7372,Services-Prepackaged Software,143015000000,RevenueFromContractWithCustomerExcludingAssessedTax,301311000000,11,392,-0.2272,-0.2865,0.0593,,10412,59,4,1329,0.12764,243,0.02334,4,0.0678,0.2669,0.3729,no,,ai|artificial intelligence,,0.075,1.69,,,,html_emphasis,59,10473,61,https://www.sec.gov/Archives/edgar/data/789019/000156459020034944/msft-10k_20200630.htm
Microsoft,MICROSOFT CORP,MSFT,789019,0001564590-21-039151,2021-07-29,2021-06-30,2021,AI-core,AI Infrastructure,Hyperscaler/Platform,7372,Services-Prepackaged Software,168088000000,RevenueFromContractWithCustomerExcludingAssessedTax,333779000000,11,410,-0.2622,-0.2845,0.0223,,10765,50,4,1412,0.13117,244,0.02267,4,0.08,0.31,0.38,no,,ai|artificial intelligence,,0.071,0.938,0.99,0.7896,2020,html_emphasis,50,10830,65,https://www.sec.gov/Archives/edgar/data/789019/000156459021039151/msft-10k_20210630.htm
Microsoft,MICROSOFT CORP,MSFT,789019,0001564590-22-026876,2022-07-28,2022-06-30,2022,AI-core,AI Infrastructure,Hyperscaler/Platform,7372,Services-Prepackaged Software,198270000000,RevenueFromContractWithCustomerExcludingAssessedTax,364840000000,11,410,-0.292,-0.282,-0.01,,10808,48,4,1631,0.15091,288,0.02665,4,0.0833,0.3021,0.3542,no,,ai|artificial intelligence,,0.184,0.833,0.9771,0.6997,2021,html_emphasis,48,10874,66,https://www.sec.gov/Archives/edgar/data/789019/000156459022026876/msft-10k_20220630.htm
Microsoft,MICROSOFT CORP,MSFT,789019,0000950170-23-035122,2023-07-27,2023-06-30,2023,AI-core,AI Infrastructure,Hyperscaler/Platform,7372,Services-Prepackaged Software,211915000000,RevenueFromContractWithCustomerExcludingAssessedTax,411976000000,27,386,-0.0546,-0.2923,0.2377,,10571,42,11,4753,0.44963,764,0.07227,3,0.0714,0.3355,0.5238,no,,ai|artificial intelligence|generative ai,,0.105,0.795,0.8632,0.1306,2022,html_emphasis,42,10634,63,https://www.sec.gov/Archives/edgar/data/789019/000095017023035122/msft-20230630.htm
Microsoft,MICROSOFT CORP,MSFT,789019,0000950170-24-087843,2024-07-30,2024-06-30,2024,AI-core,AI Infrastructure,Hyperscaler/Platform,7372,Services-Prepackaged Software,245122000000,RevenueFromContractWithCustomerExcludingAssessedTax,512163000000,37,437,-0.0986,-0.253,0.1545,,12540,44,16,7303,0.58238,938,0.0748,3,0.0682,0.4375,0.8182,no,,ai|artificial intelligence|generative ai|machine learning,,0.438,0.766,0.9613,0.4291,2023,html_emphasis,44,12609,69,https://www.sec.gov/Archives/edgar/data/789019/000095017024087843/msft-20240630.htm
Microsoft,MICROSOFT CORP,MSFT,789019,0000950170-25-100235,2025-07-30,2025-06-30,2025,AI-core,AI Infrastructure,Hyperscaler/Platform,7372,Services-Prepackaged Software,281724000000,RevenueFromContractWithCustomerExcludingAssessedTax,619003000000,44,414,-0.1838,-0.2391,0.0553,,11888,42,16,7247,0.60961,1084,0.09118,3,0.0714,0.4062,0.8095,no,,ai|artificial intelligence|generative ai|machine learning,,0.483,0.883,0.9898,0.6256,2024,html_emphasis,42,11957,69,https://www.sec.gov/Archives/edgar/data/789019/000095017025100235/msft-20250630.htm
Microsoft,MICROSOFT CORP,MSFT,789019,0001193125-26-323660,2026-07-29,2026-06-30,2026,AI-core,AI Infrastructure,Hyperscaler/Platform,7372,Services-Prepackaged Software,331839000000,RevenueFromContractWithCustomerExcludingAssessedTax,758376000000,65,433,-0.1613,-0.2695,0.1082,,13272,45,24,9880,0.74442,1859,0.14007,3,0.0667,0.3944,0.8222,no,,ai|artificial intelligence|automate|automated|machine learning,,0.294,0.633,0.9861,0.5252,2025,html_emphasis,45,13345,73,https://www.sec.gov/Archives/edgar/data/789019/000119312526323660/msft-20260630.htm
Meta,"Meta Platforms, Inc.",META,1326801,0001326801-25-000017,2025-01-30,2024-12-31,2024,,AI Infrastructure,Hyperscaler/Platform,7370,"Services-Computer Programming, Data Processing, Etc.",164501000000,RevenueFromContractWithCustomerExcludingAssessedTax,276054000000,29,759,0.0135,-0.286,0.2995,,35389,92,20,18154,0.51298,1057,0.02987,4,0.0435,0.3239,0.8478,no,,ai|artificial intelligence|automation|generative ai|machine learning,,0.424,0.986,,,,html_emphasis,92,35402,13,https://www.sec.gov/Archives/edgar/data/1326801/000132680125000017/meta-20241231.htm
Meta,"Meta Platforms, Inc.",META,1326801,0001628280-26-003942,2026-01-29,2025-12-31,2025,,AI Infrastructure,Hyperscaler/Platform,7370,"Services-Computer Programming, Data Processing, Etc.",200966000000,RevenueFromContractWithCustomerExcludingAssessedTax,366021000000,45,795,-0.0327,-0.2747,0.242,,37210,94,27,22391,0.60175,1828,0.04913,4,0.0426,0.3948,0.8617,no,,ai|artificial intelligence|automation|generative ai|machine learning,,0.496,1.078,0.9936,0.7275,2024,html_emphasis,94,37367,157,https://www.sec.gov/Archives/edgar/data/1326801/000162828026003942/meta-20251231.htm
NVIDIA,NVIDIA CORP,NVDA,1045810,0001045810-21-000010,2021-02-26,2021-01-31,2021,AI-core,AI Infrastructure,Semiconductor/Hardware,3674,Semiconductors & Related Devices,16675000000,RevenueFromContractWithCustomerExcludingAssessedTax,28791000000,1,315,-0.8777,-0.3512,-0.5265,LOW_SENTENCE_COUNT,11049,32,1,560,0.05068,48,0.00434,21,0.6562,0.6562,0.0,yes,,ai,,1.607,1.611,,,,html_emphasis,32,11099,50,https://www.sec.gov/Archives/edgar/data/1045810/000104581021000010/nvda-20210131.htm
NVIDIA,NVIDIA CORP,NVDA,1045810,0001045810-22-000036,2022-03-18,2022-01-30,2022,AI-core,AI Infrastructure,Semiconductor/Hardware,3674,Semiconductors & Related Devices,26914000000,RevenueFromContractWithCustomerExcludingAssessedTax,44187000000,9,316,-0.5334,-0.4108,-0.1225,,11649,37,3,1904,0.16345,249,0.02138,21,0.5676,0.6126,0.1081,yes,,ai,,0.368,1.313,0.7866,0.1152,2021,html_emphasis,37,11699,50,https://www.sec.gov/Archives/edgar/data/1045810/000104581022000036/nvda-20220130.htm
NVIDIA,NVIDIA CORP,NVDA,1045810,0001045810-23-000017,2023-02-24,2023-01-29,2023,AI-core,AI Infrastructure,Semiconductor/Hardware,3674,Semiconductors & Related Devices,26974000000,Revenues,41182000000,20,373,-0.4192,-0.4715,0.0522,,13827,53,7,5534,0.40023,588,0.04253,12,0.2264,0.4555,0.4906,no,,ai|artificial intelligence|large language models|machine learning,,0.307,1.186,0.8951,0.2111,2022,html_emphasis,53,13892,65,https://www.sec.gov/Archives/edgar/data/1045810/000104581023000017/nvda-20230129.htm
NVIDIA,NVIDIA CORP,NVDA,1045810,0001045810-24-000029,2024-02-21,2024-01-28,2024,AI-core,AI Infrastructure,Semiconductor/Hardware,3674,Semiconductors & Related Devices,60922000000,Revenues,65728000000,35,463,-0.3263,-0.4066,0.0804,,17230,53,9,9534,0.55334,1148,0.06663,12,0.2264,0.4235,0.4528,no,,ai|artificial intelligence|automated|generative ai|llms|machine learning,,0.262,1.01,0.9788,0.3938,2023,html_emphasis,53,17295,65,https://www.sec.gov/Archives/edgar/data/1045810/000104581024000029/nvda-20240128.htm
NVIDIA,NVIDIA CORP,NVDA,1045810,0001045810-25-000023,2025-02-26,2025-01-26,2025,AI-core,AI Infrastructure,Semiconductor/Hardware,3674,Semiconductors & Related Devices,130497000000,Revenues,111601000000,49,455,-0.3672,-0.417,0.0498,,18018,55,9,10195,0.56582,1580,0.08769,14,0.2545,0.4444,0.4364,no,,ai|artificial intelligence|automated|generative ai|large language models|llms|machine learning,,0.392,1.127,0.9901,0.6371,2024,html_emphasis,55,18089,71,https://www.sec.gov/Archives/edgar/data/1045810/000104581025000023/nvda-20250126.htm
NVIDIA,NVIDIA CORP,NVDA,1045810,0001045810-26-000021,2026-02-25,2026-01-25,2026,AI-core,AI Infrastructure,Semiconductor/Hardware,3674,Semiconductors & Related Devices,215938000000,Revenues,206803000000,44,481,-0.3908,-0.4047,0.0139,,18541,55,9,10486,0.56556,1392,0.07508,13,0.2364,0.4323,0.4545,no,,ai|artificial intelligence|automated|generative ai|large language models|llms|machine learning,,0.42,1.073,0.9917,0.7045,2025,html_emphasis,55,18615,74,https://www.sec.gov/Archives/edgar/data/1045810/000104581026000021/nvda-20260125.htm
Oracle,ORACLE CORP,ORCL,1341439,0001193125-16-628942,2016-06-22,2016-05-31,2016,AI-core,,,7372,Services-Prepackaged Software,37047000000,Revenues,112180000000,1,304,-0.9141,-0.3154,-0.5986,LOW_SENTENCE_COUNT,11852,51,1,100,0.00844,29,0.00245,28,0.549,0.549,0.0,yes,,automated,yes,0.0,1.974,,,,html_emphasis,51,11912,60,https://www.sec.gov/Archives/edgar/data/1341439/000119312516628942/d203801d10k.htm
Oracle,ORACLE CORP,ORCL,1341439,0001193125-17-214833,2017-06-27,2017-05-31,2017,AI-core,,,7372,Services-Prepackaged Software,37792000000,RevenueFromContractWithCustomerExcludingAssessedTax,134991000000,1,309,-0.9141,-0.3066,-0.6075,LOW_SENTENCE_COUNT,12175,47,1,113,0.00928,29,0.00238,26,0.5532,0.5532,0.0,yes,,automated,yes,0.0,2.07,0.9388,0.7521,2016,html_emphasis,47,12235,60,https://www.sec.gov/Archives/edgar/data/1341439/000119312517214833/d385998d10k.htm
Oracle,ORACLE CORP,ORCL,1341439,0001193125-18-201034,2018-06-22,2018-05-31,2018,AI-core,,,7372,Services-Prepackaged Software,39383000000,RevenueFromContractWithCustomerExcludingAssessedTax,137264000000,2,337,-0.039,-0.3172,0.2782,LOW_SENTENCE_COUNT,13077,51,2,541,0.04137,94,0.00719,3,0.0588,0.3137,0.5098,no,,automated|automation|machine learning,,0.37,1.973,0.6027,0.1588,2017,html_emphasis,51,13143,66,https://www.sec.gov/Archives/edgar/data/1341439/000119312518201034/d568983d10k.htm
Oracle,ORACLE CORP,ORCL,1341439,0001564590-19-023119,2019-06-21,2019-05-31,2019,AI-core,,,7372,Services-Prepackaged Software,39506000000,RevenueFromContractWithCustomerExcludingAssessedTax,108709000000,2,322,-0.0299,-0.3121,0.2821,LOW_SENTENCE_COUNT,12371,54,2,577,0.04664,95,0.00768,4,0.0741,0.3333,0.5185,no,,artificial intelligence|automated|automation|machine learning,,0.173,2.134,0.9877,0.801,2018,html_emphasis,54,12440,69,https://www.sec.gov/Archives/edgar/data/1341439/000156459019023119/orcl-10k_20190531.htm
Oracle,ORACLE CORP,ORCL,1341439,0001564590-20-030125,2020-06-22,2020-05-31,2020,AI-core,,,7372,Services-Prepackaged Software,39068000000,RevenueFromContractWithCustomerExcludingAssessedTax,115438000000,1,339,-0.8759,-0.316,-0.56,LOW_SENTENCE_COUNT,12981,55,2,511,0.03937,35,0.0027,4,0.0727,0.3455,0.5455,no,,artificial intelligence|automated|machine learning,,0.0,2.003,0.9349,0.7912,2019,html_emphasis,55,13052,71,https://www.sec.gov/Archives/edgar/data/1341439/000156459020030125/orcl-10k_20200531.htm
Oracle,ORACLE CORP,ORCL,1341439,0001564590-21-033616,2021-06-21,2021-05-31,2021,AI-core,,,7372,Services-Prepackaged Software,40479000000,RevenueFromContractWithCustomerExcludingAssessedTax,131107000000,1,300,-0.8759,-0.3538,-0.5221,LOW_SENTENCE_COUNT,11204,50,2,721,0.06435,35,0.00312,5,0.1,0.49,0.78,no,,artificial intelligence|automated|machine learning,,0.832,1.187,0.9002,0.6589,2020,html_emphasis,50,11269,65,https://www.sec.gov/Archives/edgar/data/1341439/000156459021033616/orcl-10k_20210531.htm
Oracle,ORACLE CORP,ORCL,1341439,0001564590-22-023675,2022-06-21,2022-05-31,2022,AI-core,,,7372,Services-Prepackaged Software,42440000000,RevenueFromContractWithCustomerExcludingAssessedTax,109297000000,1,309,-0.8778,-0.3526,-0.5252,LOW_SENTENCE_COUNT,11688,53,2,822,0.07033,35,0.00299,4,0.0755,0.4811,0.8113,no,,artificial intelligence|automated|machine learning,,0.973,1.198,0.9617,0.8221,2021,html_emphasis,53,11753,65,https://www.sec.gov/Archives/edgar/data/1341439/000156459022023675/orcl-10k_20220531.htm
Oracle,ORACLE CORP,ORCL,1341439,0000950170-23-028914,2023-06-20,2023-05-31,2023,AI-core,,,7372,Services-Prepackaged Software,49954000000,RevenueFromContractWithCustomerExcludingAssessedTax,134384000000,1,307,-0.8868,-0.3466,-0.5402,LOW_SENTENCE_COUNT,11669,43,2,837,0.07173,34,0.00291,3,0.0698,0.4535,0.7674,no,,ai|automated|machine learning,,1.434,1.157,0.9177,0.5928,2022,html_emphasis,43,11723,54,https://www.sec.gov/Archives/edgar/data/1341439/000095017023028914/orcl-20230531.htm
Oracle,ORACLE CORP,ORCL,1341439,0000950170-24-075605,2024-06-20,2024-05-31,2024,AI-core,,,7372,Services-Prepackaged Software,52961000000,RevenueFromContractWithCustomerExcludingAssessedTax,140976000000,5,343,-0.331,-0.3132,-0.0178,,13355,47,5,2070,0.155,152,0.01138,4,0.0851,0.4809,0.7234,no,,ai|automated|automatically|generative ai|machine learning,,0.242,0.943,0.7235,0.0667,2023,html_emphasis,47,13415,60,https://www.sec.gov/Archives/edgar/data/1341439/000095017024075605/orcl-20240531.htm
Oracle,ORACLE CORP,ORCL,1341439,0000950170-25-087926,2025-06-18,2025-05-31,2025,AI-core,,,7372,Services-Prepackaged Software,57399000000,RevenueFromContractWithCustomerExcludingAssessedTax,168361000000,10,342,-0.2005,-0.3202,0.1197,,13512,48,8,3025,0.22388,305,0.02257,4,0.0833,0.4687,0.7292,no,,ai|automated|automatically|generative ai|llms|machine learning,,0.132,0.91,0.9574,0.5403,2024,html_emphasis,48,13572,60,https://www.sec.gov/Archives/edgar/data/1341439/000095017025087926/orcl-20250531.htm
Oracle,ORACLE CORP,ORCL,1341439,0001193125-26-277521,2026-06-22,2026-05-31,2026,AI-core,,,7372,Services-Prepackaged Software,67357000000,RevenueFromContractWithCustomerExcludingAssessedTax,261759000000,25,426,-0.2892,-0.3722,0.0829,,16782,83,12,7138,0.42534,763,0.04547,4,0.0482,0.6315,0.9157,no,,ai|automated|automatically|generative ai|llms|machine learning,,0.336,0.572,0.9457,0.3763,2025,html_emphasis,83,16854,72,https://www.sec.gov/Archives/edgar/data/1341439/000119312526277521/orcl-20260531.htm
S&PGlobal,S&P Global Inc.,SPGI,64040,0000064040-18-000061,2018-02-09,2017-12-31,2017,,AI Power Adopters,,7320,"Services-Consumer Credit Reporting, Collection Agencies",6063000000,RevenueFromContractWithCustomerExcludingAssessedTax,9425000000,0,268,,-0.2748,,LOW_SENTENCE_COUNT,9597,41,0,0,0.0,0,0.0,,,,,,,,,,2.928,,,,html_emphasis,41,9659,62,https://www.sec.gov/Archives/edgar/data/64040/000006404018000061/spgi-20171231x10k.htm
S&PGlobal,S&P Global Inc.,SPGI,64040,0000064040-19-000059,2019-02-13,2018-12-31,2018,,AI Power Adopters,,7320,"Services-Consumer Credit Reporting, Collection Agencies",6258000000,RevenueFromContractWithCustomerExcludingAssessedTax,9458000000,0,297,,-0.2872,,LOW_SENTENCE_COUNT,10491,39,0,0,0.0,0,0.0,,,,,,,,,,2.526,,,,html_emphasis,39,10556,65,https://www.sec.gov/Archives/edgar/data/64040/000006404019000059/spgi-20181231x10k.htm
S&PGlobal,S&P Global Inc.,SPGI,64040,0000064040-20-000055,2020-02-10,2019-12-31,2019,,AI Power Adopters,,7320,"Services-Consumer Credit Reporting, Collection Agencies",6699000000,RevenueFromContractWithCustomerExcludingAssessedTax,11348000000,0,311,,-0.2929,,LOW_SENTENCE_COUNT,10952,42,0,0,0.0,0,0.0,,,,,,,,,,2.529,,,,html_emphasis,42,11020,68,https://www.sec.gov/Archives/edgar/data/64040/000006404020000055/spgi-20191231x10k.htm
S&PGlobal,S&P Global Inc.,SPGI,64040,0000064040-21-000063,2021-02-09,2020-12-31,2020,,AI Power Adopters,,7320,"Services-Consumer Credit Reporting, Collection Agencies",7442000000,RevenueFromContractWithCustomerExcludingAssessedTax,12537000000,0,374,,-0.3085,,LOW_SENTENCE_COUNT,14032,52,0,0,0.0,0,0.0,,,,,,,,,,2.323,,,,html_emphasis,52,14109,77,https://www.sec.gov/Archives/edgar/data/64040/000006404021000063/spgi-20201231.htm
S&PGlobal,S&P Global Inc.,SPGI,64040,0000064040-22-000055,2022-02-08,2021-12-31,2021,,AI Power Adopters,,7320,"Services-Consumer Credit Reporting, Collection Agencies",8297000000,RevenueFromContractWithCustomerExcludingAssessedTax,15026000000,0,368,,-0.3075,,LOW_SENTENCE_COUNT,13783,49,0,0,0.0,0,0.0,,,,,,,,,,1.393,,,,html_emphasis,49,13851,68,https://www.sec.gov/Archives/edgar/data/64040/000006404022000055/spgi-20211231.htm
S&PGlobal,S&P Global Inc.,SPGI,64040,0000064040-23-000058,2023-02-10,2022-12-31,2022,,AI Power Adopters,,7320,"Services-Consumer Credit Reporting, Collection Agencies",11181000000,RevenueFromContractWithCustomerExcludingAssessedTax,61784000000,9,358,-0.4244,-0.3289,-0.0955,,14207,50,2,705,0.04962,275,0.01936,5,0.1,0.12,0.04,yes,,ai|artificial intelligence|automated|machine learning,,0.0,1.38,,,,html_emphasis,50,14281,74,https://www.sec.gov/Archives/edgar/data/64040/000006404023000058/spgi-20221231.htm
S&PGlobal,S&P Global Inc.,SPGI,64040,0000064040-24-000071,2024-02-09,2023-12-31,2023,,AI Power Adopters,,7320,"Services-Consumer Credit Reporting, Collection Agencies",12497000000,RevenueFromContractWithCustomerExcludingAssessedTax,60589000000,20,370,-0.2066,-0.2782,0.0716,,14705,53,8,2232,0.15179,567,0.03856,4,0.0755,0.1863,0.3396,no,,ai|artificial intelligence|automated,,0.0,1.102,0.8257,0.1816,2022,html_emphasis,53,14784,79,https://www.sec.gov/Archives/edgar/data/64040/000006404024000071/spgi-20231231.htm
S&PGlobal,S&P Global Inc.,SPGI,64040,0000064040-25-000052,2025-02-11,2024-12-31,2024,,AI Power Adopters,,7320,"Services-Consumer Credit Reporting, Collection Agencies",14208000000,RevenueFromContractWithCustomerExcludingAssessedTax,60221000000,20,364,-0.1765,-0.2949,0.1184,,15526,54,12,3584,0.23084,565,0.03639,2,0.037,0.1682,0.4074,no,,ai|artificial intelligence|automated,,0.0,1.365,0.9574,0.5204,2023,html_emphasis,54,15608,82,https://www.sec.gov/Archives/edgar/data/64040/000006404025000052/spgi-20241231.htm
S&PGlobal,S&P Global Inc.,SPGI,64040,0000064040-26-000013,2026-02-11,2025-12-31,2025,,AI Power Adopters,,7320,"Services-Consumer Credit Reporting, Collection Agencies",15336000000,RevenueFromContractWithCustomerExcludingAssessedTax,61200000000,29,423,-0.2434,-0.2982,0.0547,,17795,53,3,2901,0.16302,844,0.04743,2,0.0377,0.0881,0.0943,yes,,ai|artificial intelligence|automated,,0.0,1.006,0.9493,0.4046,2024,html_emphasis,53,17883,88,https://www.sec.gov/Archives/edgar/data/64040/000006404026000013/spgi-20251231.htm
Salesforce,"Salesforce, Inc.",CRM,1108524,0001108524-24-000005,2024-03-06,2024-01-31,2024,AI-core,,,7372,Services-Prepackaged Software,34857000000,RevenueFromContractWithCustomerExcludingAssessedTax,99823000000,24,551,-0.1697,-0.3132,0.1435,,22353,69,10,6478,0.2898,735,0.03288,3,0.0435,0.2667,0.4203,no,,ai|automate|automated|generative ai|large language models|machine learning,,0.232,0.846,,,,html_emphasis,69,22444,91,https://www.sec.gov/Archives/edgar/data/1108524/000110852424000005/crm-20240131.htm
Salesforce,"Salesforce, Inc.",CRM,1108524,0001108524-25-000006,2025-03-05,2025-01-31,2025,AI-core,,,7372,Services-Prepackaged Software,37895000000,RevenueFromContractWithCustomerExcludingAssessedTax,102928000000,29,521,-0.1425,-0.3285,0.186,,21491,68,17,10426,0.48513,982,0.04569,3,0.0441,0.3478,0.7647,no,,agentforce|ai|artificial intelligence|automated|generative ai|large language models|machine learning,,0.921,1.028,0.9435,0.4601,2024,html_emphasis,68,21579,88,https://www.sec.gov/Archives/edgar/data/1108524/000110852425000006/crm-20250131.htm
Salesforce,"Salesforce, Inc.",CRM,1108524,0001108524-26-000060,2026-03-02,2026-01-31,2026,AI-core,,,7372,Services-Prepackaged Software,41525000000,RevenueFromContractWithCustomerExcludingAssessedTax,112305000000,43,504,-0.223,-0.3267,0.1037,,20034,67,20,9989,0.4986,1527,0.07622,3,0.0448,0.3007,0.6567,no,,agentforce|ai|artificial intelligence|automated|generative ai|large language models,,0.12,1.213,0.9484,0.3299,2025,html_emphasis,67,20113,79,https://www.sec.gov/Archives/edgar/data/1108524/000110852426000060/crm-20260131.htm
ServiceNow,"ServiceNow, Inc.",NOW,1373715,0001373715-23-000035,2023-01-31,2022-12-31,2022,,AI Power Adopters,,7372,Services-Prepackaged Software,7245000000,RevenueFromContractWithCustomerExcludingAssessedTax,13299000000,5,348,0.1307,-0.3947,0.5254,,13266,77,3,1598,0.12046,194,0.01462,36,0.4675,0.5411,0.1818,no,,ai|artificial intelligence|automation|machine learning,,0.25,0.761,,,,html_emphasis,77,13330,64,https://www.sec.gov/Archives/edgar/data/1373715/000137371523000035/now-20221231.htm
ServiceNow,"ServiceNow, Inc.",NOW,1373715,0001373715-24-000030,2024-01-25,2023-12-31,2023,,AI Power Adopters,,7372,Services-Prepackaged Software,8971000000,RevenueFromContractWithCustomerExcludingAssessedTax,17387000000,5,387,-0.0831,-0.3683,0.2852,,13101,79,4,1890,0.14426,206,0.01572,36,0.4557,0.5475,0.2025,no,,ai|artificial intelligence|automation|machine learning,,0.0,0.824,0.926,0.2552,2022,html_emphasis,79,13174,73,https://www.sec.gov/Archives/edgar/data/1373715/000137371524000030/now-20231231.htm
ServiceNow,"ServiceNow, Inc.",NOW,1373715,0001373715-25-000010,2025-01-30,2024-12-31,2024,,AI Power Adopters,,7372,Services-Prepackaged Software,10984000000,RevenueFromContractWithCustomerExcludingAssessedTax,20383000000,20,401,-0.0514,-0.3351,0.2836,,13579,78,8,3372,0.24832,527,0.03881,7,0.0897,0.4824,0.5641,no,,ai|artificial intelligence|automation|machine learning,,0.148,0.81,0.9571,0.3709,2023,html_emphasis,78,13657,78,https://www.sec.gov/Archives/edgar/data/1373715/000137371525000010/now-20241231.htm
ServiceNow,"ServiceNow, Inc.",NOW,1373715,0001373715-26-000007,2026-01-29,2025-12-31,2025,,AI Power Adopters,,7372,Services-Prepackaged Software,13278000000,RevenueFromContractWithCustomerExcludingAssessedTax,26038000000,24,420,-0.1151,-0.3135,0.1983,,14495,79,9,4888,0.33722,651,0.04491,7,0.0886,0.488,0.557,no,,ai|automated|automation|machine learning,,0.164,1.235,0.9757,0.5715,2024,html_emphasis,79,14629,134,https://www.sec.gov/Archives/edgar/data/1373715/000137371526000007/now-20251231.htm
Tesla,"Tesla, Inc.",TSLA,1318605,0001564590-19-003165,2019-02-19,2018-12-31,2018,,AI Infrastructure,Semiconductor/Hardware,3711,Motor Vehicles & Passenger Car Bodies,21461268000,RevenueFromContractWithCustomerExcludingAssessedTax,29739614000,6,914,0.2573,-0.0454,0.3028,,33165,96,6,5074,0.15299,191,0.00576,3,0.0312,0.1927,0.8438,no,,automated|automation,yes,5.065,3.73,,,,html_emphasis,96,33170,5,https://www.sec.gov/Archives/edgar/data/1318605/000156459019003165/tsla-10k_20181231.htm
Tesla,"Tesla, Inc.",TSLA,1318605,0001564590-20-004475,2020-02-13,2019-12-31,2019,,AI Infrastructure,Semiconductor/Hardware,3711,Motor Vehicles & Passenger Car Bodies,24578000000,Revenues,34309000000,4,743,-0.178,-0.129,-0.049,LOW_SENTENCE_COUNT,27496,93,6,2921,0.10623,162,0.00589,3,0.0323,0.4283,0.8387,no,,automated|automation,yes,3.184,2.706,0.8299,0.1241,2018,html_emphasis,93,27504,8,https://www.sec.gov/Archives/edgar/data/1318605/000156459020004475/tsla-10k_20191231.htm
Tesla,"Tesla, Inc.",TSLA,1318605,0001564590-21-004599,2021-02-08,2020-12-31,2020,,AI Infrastructure,Semiconductor/Hardware,3711,Motor Vehicles & Passenger Car Bodies,31536000000,Revenues,52148000000,2,407,-0.9411,-0.2724,-0.6688,LOW_SENTENCE_COUNT,14068,65,2,931,0.06618,94,0.00668,4,0.0615,0.0846,0.0462,yes,,automation,yes,1.074,1.294,0.8046,0.0989,2019,html_emphasis,65,14076,8,https://www.sec.gov/Archives/edgar/data/1318605/000156459021004599/tsla-10k_20201231.htm
Tesla,"Tesla, Inc.",TSLA,1318605,0000950170-22-000796,2022-02-07,2021-12-31,2021,,AI Infrastructure,Semiconductor/Hardware,3711,Motor Vehicles & Passenger Car Bodies,53823000000,RevenueFromContractWithCustomerExcludingAssessedTax,62131000000,2,400,-0.9434,-0.3025,-0.6409,LOW_SENTENCE_COUNT,14405,56,2,1040,0.0722,97,0.00673,4,0.0714,0.0982,0.0536,yes,,artificial intelligence|automation,,0.769,0.784,0.9822,0.7266,2020,html_emphasis,56,14405,0,https://www.sec.gov/Archives/edgar/data/1318605/000095017022000796/tsla-20211231.htm
Tesla,"Tesla, Inc.",TSLA,1318605,0000950170-23-001409,2023-01-31,2022-12-31,2022,,AI Infrastructure,Semiconductor/Hardware,3711,Motor Vehicles & Passenger Car Bodies,81462000000,RevenueFromContractWithCustomerExcludingAssessedTax,82338000000,3,378,-0.8519,-0.3161,-0.5359,LOW_SENTENCE_COUNT,13415,49,2,989,0.07372,137,0.01021,4,0.0816,0.0918,0.0204,yes,,artificial intelligence|automation,,0.809,0.656,0.9754,0.7688,2021,html_emphasis,49,13426,11,https://www.sec.gov/Archives/edgar/data/1318605/000095017023001409/tsla-20221231.htm
Tesla,"Tesla, Inc.",TSLA,1318605,0001628280-24-002390,2024-01-29,2023-12-31,2023,,AI Infrastructure,Semiconductor/Hardware,3711,Motor Vehicles & Passenger Car Bodies,96773000000,RevenueFromContractWithCustomerExcludingAssessedTax,106618000000,3,375,-0.852,-0.2844,-0.5676,LOW_SENTENCE_COUNT,13553,50,2,925,0.06825,137,0.01011,3,0.06,0.07,0.02,yes,,artificial intelligence|automation,,0.324,0.502,0.9753,0.7442,2022,html_emphasis,50,13597,44,https://www.sec.gov/Archives/edgar/data/1318605/000162828024002390/tsla-20231231.htm
Tesla,"Tesla, Inc.",TSLA,1318605,0001628280-25-003063,2025-01-30,2024-12-31,2024,,AI Infrastructure,Semiconductor/Hardware,3711,Motor Vehicles & Passenger Car Bodies,97690000000,RevenueFromContractWithCustomerExcludingAssessedTax,122070000000,5,372,-0.6695,-0.2892,-0.3803,,13583,51,4,1907,0.1404,214,0.01575,3,0.0588,0.3039,0.6667,no,,ai|artificial intelligence|automation,,0.052,0.53,0.8922,0.4509,2023,html_emphasis,51,13627,44,https://www.sec.gov/Archives/edgar/data/1318605/000162828025003063/tsla-20241231.htm
Tesla,"Tesla, Inc.",TSLA,1318605,0001628280-26-003952,2026-01-29,2025-12-31,2025,,AI Infrastructure,Semiconductor/Hardware,3711,Motor Vehicles & Passenger Car Bodies,94827000000,RevenueFromContractWithCustomerExcludingAssessedTax,137806000000,9,387,-0.2659,-0.2816,0.0158,,14017,51,6,2383,0.17001,390,0.02782,3,0.0588,0.317,0.6471,no,,ai|artificial intelligence|automation|neural network,,0.042,0.428,0.9668,0.6523,2024,html_emphasis,51,14064,47,https://www.sec.gov/Archives/edgar/data/1318605/000162828026003952/tsla-20251231.htm
UnitedHealth,UNITEDHEALTH GROUP INC,UNH,731766,0000731766-21-000013,2021-03-01,2020-12-31,2020,AI-peripheral,AI Power Adopters,,6324,Hospital & Medical Service Plans,257141000000,Revenues,197289000000,1,293,-0.1051,-0.3277,0.2225,LOW_SENTENCE_COUNT,10075,33,1,1155,0.11464,39,0.00387,19,0.5758,0.5758,0.0,yes,,automatic,yes,0.0,0.913,,,,html_emphasis,33,10122,47,https://www.sec.gov/Archives/edgar/data/731766/000073176621000013/unh-20201231.htm
UnitedHealth,UNITEDHEALTH GROUP INC,UNH,731766,0000731766-22-000008,2022-02-15,2021-12-31,2021,AI-peripheral,AI Power Adopters,,6324,Hospital & Medical Service Plans,287597000000,Revenues,212206000000,1,297,-0.1051,-0.3534,0.2483,LOW_SENTENCE_COUNT,10320,34,1,1176,0.11395,39,0.00378,20,0.5882,0.5882,0.0,yes,,automatic,yes,0.0,0.921,0.998,0.9452,2020,html_emphasis,34,10370,50,https://www.sec.gov/Archives/edgar/data/731766/000073176622000008/unh-20211231.htm
UnitedHealth,UNITEDHEALTH GROUP INC,UNH,731766,0000731766-23-000008,2023-02-24,2022-12-31,2022,AI-peripheral,AI Power Adopters,,6324,Hospital & Medical Service Plans,324162000000,Revenues,245705000000,1,283,-0.1051,-0.3422,0.2371,LOW_SENTENCE_COUNT,10077,37,2,1732,0.17188,39,0.00387,3,0.0811,0.2973,0.4324,no,,automate|automatic,yes,0.0,0.963,0.9375,0.6607,2021,html_emphasis,37,10124,47,https://www.sec.gov/Archives/edgar/data/731766/000073176623000008/unh-20221231.htm
UnitedHealth,UNITEDHEALTH GROUP INC,UNH,731766,0000731766-24-000081,2024-02-28,2023-12-31,2023,AI-peripheral,AI Power Adopters,,6324,Hospital & Medical Service Plans,371622000000,Revenues,273720000000,9,300,0.2169,-0.2959,0.5128,,11053,38,4,3159,0.2858,363,0.03284,3,0.0789,0.3092,0.4737,no,,ai|artificial intelligence|automate|automatic|automation|generative ai|machine learning,,0.0,0.896,0.9186,0.4057,2022,html_emphasis,38,11103,50,https://www.sec.gov/Archives/edgar/data/731766/000073176624000081/unh-20231231.htm
UnitedHealth,UNITEDHEALTH GROUP INC,UNH,731766,0000731766-25-000063,2025-02-27,2024-12-31,2024,AI-peripheral,AI Power Adopters,,6324,Hospital & Medical Service Plans,400278000000,Revenues,298278000000,8,295,0.3671,-0.299,0.6661,,10978,38,4,3174,0.28912,300,0.02733,3,0.0789,0.3092,0.4737,no,,ai|artificial intelligence|automate|automatic|automation|generative ai|machine learning,,0.032,0.911,0.996,0.8627,2023,html_emphasis,38,11028,50,https://www.sec.gov/Archives/edgar/data/731766/000073176625000063/unh-20241231.htm
UnitedHealth,UNITEDHEALTH GROUP INC,UNH,731766,0000731766-26-000062,2026-03-02,2025-12-31,2025,AI-peripheral,AI Power Adopters,,6324,Hospital & Medical Service Plans,447567000000,Revenues,309581000000,12,306,-0.0566,-0.2917,0.2351,,11131,41,5,3203,0.28775,372,0.03342,3,0.0732,0.278,0.4634,no,,ai|artificial intelligence|automate|automatic|automation|generative ai,,0.031,0.746,0.9957,0.7908,2024,html_emphasis,41,11184,53,https://www.sec.gov/Archives/edgar/data/731766/000073176626000062/unh-20251231.htm
Uber,"Uber Technologies, Inc",UBER,1543151,0001543151-21-000014,2021-03-01,2020-12-31,2020,,AI Power Adopters,,7389,"Services-Business Services, NEC",11139000000,Revenues,33252000000,7,982,-0.3479,-0.3314,-0.0165,,37524,124,4,2764,0.07366,239,0.00637,35,0.2823,0.5484,0.7177,no,,ai|artificial intelligence|automated|automatically|automation|machine learning,,3.69,1.53,,,,html_emphasis,124,37526,2,https://www.sec.gov/Archives/edgar/data/1543151/000154315121000014/uber-20201231.htm
Uber,"Uber Technologies, Inc",UBER,1543151,0001543151-22-000008,2022-02-24,2021-12-31,2021,,AI Power Adopters,,7389,"Services-Business Services, NEC",17455000000,Revenues,38774000000,6,949,-0.4119,-0.3377,-0.0742,,36146,104,3,2440,0.0675,194,0.00537,36,0.3462,0.4904,0.3365,no,,ai|artificial intelligence|automated|automation|machine learning,,1.025,0.894,0.9668,0.8228,2020,html_emphasis,104,36148,2,https://www.sec.gov/Archives/edgar/data/1543151/000154315122000008/uber-20211231.htm
Uber,"Uber Technologies, Inc",UBER,1543151,0001543151-23-000010,2023-02-21,2022-12-31,2022,,AI Power Adopters,,7389,"Services-Business Services, NEC",31877000000,Revenues,32109000000,6,926,-0.4119,-0.3332,-0.0787,,34933,99,3,2610,0.07471,194,0.00555,33,0.3333,0.4815,0.3636,no,,ai|artificial intelligence|automated|automation|machine learning,,1.264,0.784,0.9923,0.914,2021,html_emphasis,99,34935,2,https://www.sec.gov/Archives/edgar/data/1543151/000154315123000010/uber-20221231.htm
Uber,"Uber Technologies, Inc",UBER,1543151,0001543151-24-000012,2024-02-15,2023-12-31,2023,,AI Power Adopters,,7389,"Services-Business Services, NEC",37281000000,Revenues,38699000000,16,964,-0.2054,-0.3313,0.1259,,36744,105,6,4557,0.12402,558,0.01519,6,0.0571,0.4984,0.8286,no,,ai|artificial intelligence|automated|automation|machine learning,,0.856,0.724,0.9418,0.5451,2022,html_emphasis,105,36746,2,https://www.sec.gov/Archives/edgar/data/1543151/000154315124000012/uber-20231231.htm
Uber,"Uber Technologies, Inc",UBER,1543151,0001543151-25-000008,2025-02-14,2024-12-31,2024,,AI Power Adopters,,7389,"Services-Business Services, NEC",43978000000,Revenues,51244000000,16,957,-0.2483,-0.3309,0.0826,,36673,112,5,3918,0.10684,556,0.01516,6,0.0536,0.4964,0.7768,no,,ai|artificial intelligence|automated|automation|machine learning,,0.868,0.712,0.9677,0.7717,2023,html_emphasis,112,36675,2,https://www.sec.gov/Archives/edgar/data/1543151/000154315125000008/uber-20241231.htm
Uber,"Uber Technologies, Inc",UBER,1543151,0001543151-26-000015,2026-02-13,2025-12-31,2025,,AI Power Adopters,,7389,"Services-Business Services, NEC",52017000000,Revenues,61802000000,18,953,-0.257,-0.336,0.0791,,36768,115,8,4694,0.12767,640,0.01741,6,0.0522,0.4587,0.7739,no,,ai|artificial intelligence|automated|automation|machine learning,,0.81,0.672,0.9772,0.67,2024,html_emphasis,115,36770,2,https://www.sec.gov/Archives/edgar/data/1543151/000154315126000015/uber-20251231.htm
Verizon,VERIZON COMMUNICATIONS INC,VZ,732712,0000732712-24-000010,2024-02-09,2023-12-31,2023,AI-peripheral,,,4813,Telephone Communications (No Radiotelephone),133974000000,Revenues,380255000000,2,199,0.0689,-0.2713,0.3403,LOW_SENTENCE_COUNT,6432,31,2,804,0.125,80,0.01244,3,0.0968,0.4355,0.6774,no,,artificial intelligence|automated|machine learning,,0.0,1.275,,,,html_emphasis,31,6461,29,https://www.sec.gov/Archives/edgar/data/732712/000073271224000010/vz-20231231.htm
Verizon,VERIZON COMMUNICATIONS INC,VZ,732712,0000732712-25-000006,2025-02-12,2024-12-31,2024,AI-peripheral,,,4813,Telephone Communications (No Radiotelephone),134788000000,Revenues,384711000000,7,223,0.0944,-0.3047,0.3991,,7132,34,4,1999,0.28029,198,0.02776,2,0.0588,0.25,0.6471,no,,ai|automated|generative ai|machine learning,,0.05,1.108,0.8864,0.3417,2023,html_emphasis,34,7164,32,https://www.sec.gov/Archives/edgar/data/732712/000073271225000006/vz-20241231.htm
Verizon,VERIZON COMMUNICATIONS INC,VZ,732712,0000732712-26-000007,2026-02-17,2025-12-31,2025,AI-peripheral,,,4813,Telephone Communications (No Radiotelephone),138191000000,Revenues,404258000000,9,234,0.1696,-0.2859,0.4555,,7229,34,5,2142,0.29631,283,0.03915,2,0.0588,0.2412,0.6765,no,,ai|artificial intelligence|automated|generative ai|machine learning,,0.047,1.245,0.9856,0.7356,2024,html_emphasis,34,7261,32,https://www.sec.gov/Archives/edgar/data/732712/000073271226000007/vz-20251231.htm
Walmart,Walmart Inc.,WMT,104169,0000104169-24-000056,2024-03-15,2024-01-31,2024,,AI Power Adopters,,5331,Retail-Variety Stores,642637000000,RevenueFromContractWithCustomerExcludingAssessedTax,252399000000,2,302,-0.2948,-0.2658,-0.029,LOW_SENTENCE_COUNT,14474,37,3,785,0.05424,82,0.00567,1,0.027,0.1622,0.3784,no,,artificial intelligence|automation,,0.0,0.58,,,,html_emphasis,37,14486,12,https://www.sec.gov/Archives/edgar/data/104169/000010416924000056/wmt-20240131.htm
Walmart,Walmart Inc.,WMT,104169,0000104169-25-000021,2025-03-14,2025-01-31,2025,,AI Power Adopters,,5331,Retail-Variety Stores,674538000000,RevenueFromContractWithCustomerExcludingAssessedTax,260823000000,5,334,-0.388,-0.3068,-0.0812,,15715,39,6,5681,0.3615,219,0.01394,1,0.0256,0.265,0.6667,no,,ai|artificial intelligence|automation|generative ai,,0.211,0.611,0.7834,0.1282,2024,html_emphasis,39,15727,12,https://www.sec.gov/Archives/edgar/data/104169/000010416925000021/wmt-20250131.htm
Walmart,Walmart Inc.,WMT,104169,0000104169-26-000055,2026-03-13,2026-01-31,2026,,AI Power Adopters,,5331,Retail-Variety Stores,706413000000,RevenueFromContractWithCustomerExcludingAssessedTax,284668000000,10,315,0.0446,-0.2989,0.3435,,15076,40,7,6312,0.41868,437,0.02899,1,0.025,0.2357,0.65,no,,ai|automated|automation,,0.111,0.617,0.9865,0.7513,2025,html_emphasis,40,15090,14,https://www.sec.gov/Archives/edgar/data/104169/000010416926000055/wmt-20260131.htm
