company,ticker,8k_doc_id,8k_filing_date,10k_doc_id,10k_fiscal_year,8k_sentiment_score,10k_sentiment_score,distance,8k_url,10k_url
INTERNATIONAL BUSINESS MACHINES CORP,IBM,b48de0cec6182322,1/30/2026,a531b26691c75309; a9a6519d4d607165,2026,0.152,-0.3632,0.5152,https://www.sec.gov/Archives/edgar/data/51143/000005114326000006/ex991pressreleasedatedjanu.htm,https://www.sec.gov/Archives/edgar/data/51143/000005114326000010/ibm-20251231.htm
INTERNATIONAL BUSINESS MACHINES CORP,IBM,8b9bc41b68d5ddbc; 111695d8da4d1ab1,1/28/2026,a531b26691c75309; a9a6519d4d607165,2026,0.0344,-0.3632,0.3976,https://www.sec.gov/Archives/edgar/data/51143/000005114326000004/ibm-20260128xex991.htm; https://www.sec.gov/Archives/edgar/data/51143/000005114326000004/ibm-20260128xex992.htm,https://www.sec.gov/Archives/edgar/data/51143/000005114326000010/ibm-20251231.htm
INTERNATIONAL BUSINESS MACHINES CORP,IBM,343f5759b4c07e25; c1da98778aedb5ce,10/23/2025,a531b26691c75309; a9a6519d4d607165,2026,0.3892,-0.3632,0.7524,https://www.sec.gov/Archives/edgar/data/51143/000005114325000063/ibm_ex991.htm; https://www.sec.gov/Archives/edgar/data/51143/000005114325000063/ibm_ex992.htm,https://www.sec.gov/Archives/edgar/data/51143/000005114326000010/ibm-20251231.htm
INTERNATIONAL BUSINESS MACHINES CORP,IBM,70d36c2e279b61b4; 7335377dbaf121a7,10/22/2025,a531b26691c75309; a9a6519d4d607165,2026,-0.0013,-0.3632,0.3619,https://www.sec.gov/Archives/edgar/data/51143/000005114325000061/ibm-20251022xex991.htm; https://www.sec.gov/Archives/edgar/data/51143/000005114325000061/ibm-20251022xex992.htm,https://www.sec.gov/Archives/edgar/data/51143/000005114326000010/ibm-20251231.htm
INTERNATIONAL BUSINESS MACHINES CORP,IBM,eff4672ff47e8b28; 8c8c750216a246ac,7/24/2025,a531b26691c75309; a9a6519d4d607165,2026,0.3164,-0.3632,0.6796,https://www.sec.gov/Archives/edgar/data/51143/000005114325000051/ibm-ex99x1.htm; https://www.sec.gov/Archives/edgar/data/51143/000005114325000051/ibm-ex99x2.htm,https://www.sec.gov/Archives/edgar/data/51143/000005114326000010/ibm-20251231.htm
INTERNATIONAL BUSINESS MACHINES CORP,IBM,2f19ba27f5d40f94; 93f2ddf5798a1c1a,7/23/2025,a531b26691c75309; a9a6519d4d607165,2026,-0.0886,-0.3632,0.2746,https://www.sec.gov/Archives/edgar/data/51143/000005114325000048/ibm-20250723xex991.htm; https://www.sec.gov/Archives/edgar/data/51143/000005114325000048/ibm-20250723xex992.htm,https://www.sec.gov/Archives/edgar/data/51143/000005114326000010/ibm-20251231.htm
INTERNATIONAL BUSINESS MACHINES CORP,IBM,c47519d518e67dc1,4/29/2025,a531b26691c75309; a9a6519d4d607165,2026,0.8928,-0.3632,1.256,https://www.sec.gov/Archives/edgar/data/51143/000005114325000035/ibmex99-1.htm,https://www.sec.gov/Archives/edgar/data/51143/000005114326000010/ibm-20251231.htm
INTERNATIONAL BUSINESS MACHINES CORP,IBM,e4adf13b6e6bc68b; 058d944d4dc5c10d,4/24/2025,a531b26691c75309; a9a6519d4d607165,2026,0.2898,-0.3632,0.653,https://www.sec.gov/Archives/edgar/data/51143/000005114325000031/ibmex99-1.htm; https://www.sec.gov/Archives/edgar/data/51143/000005114325000031/ibmex99-2.htm,https://www.sec.gov/Archives/edgar/data/51143/000005114326000010/ibm-20251231.htm
INTERNATIONAL BUSINESS MACHINES CORP,IBM,90f3155a3e44c5be; 54e0423d9deff04c,4/23/2025,a531b26691c75309; a9a6519d4d607165,2026,0.0009,-0.3632,0.3642,https://www.sec.gov/Archives/edgar/data/51143/000005114325000026/ibm-20250423xex991.htm; https://www.sec.gov/Archives/edgar/data/51143/000005114325000026/ibm-20250423xex992.htm,https://www.sec.gov/Archives/edgar/data/51143/000005114326000010/ibm-20251231.htm
INTERNATIONAL BUSINESS MACHINES CORP,IBM,7771a7133d2eddaf,3/12/2025,a531b26691c75309; a9a6519d4d607165,2026,0.0075,-0.3632,0.3707,https://www.sec.gov/Archives/edgar/data/51143/000005114325000018/ibm-ex99x1.htm,https://www.sec.gov/Archives/edgar/data/51143/000005114326000010/ibm-20251231.htm
INTERNATIONAL BUSINESS MACHINES CORP,IBM,180c9c15eae97992,2/4/2025,33d93dc87232bd2c; 7429fa16965e7924,2025,0.3652,-0.3805,0.7457,https://www.sec.gov/Archives/edgar/data/51143/000005114325000010/ibm-ex99_1.htm,https://www.sec.gov/Archives/edgar/data/51143/000005114325000015/ibm-20241231.htm
INTERNATIONAL BUSINESS MACHINES CORP,IBM,ed8efe700828519a; 32ec0b354f1670d5,1/30/2025,33d93dc87232bd2c; 7429fa16965e7924,2025,0.1946,-0.3805,0.5751,https://www.sec.gov/Archives/edgar/data/51143/000005114325000007/ibm_ex99x1.htm; https://www.sec.gov/Archives/edgar/data/51143/000005114325000007/ibm_ex99x2.htm,https://www.sec.gov/Archives/edgar/data/51143/000005114325000015/ibm-20241231.htm
INTERNATIONAL BUSINESS MACHINES CORP,IBM,cc17488b042fb6a2; df5009af60345014,1/29/2025,33d93dc87232bd2c; 7429fa16965e7924,2025,-0.044,-0.3805,0.3365,https://www.sec.gov/Archives/edgar/data/51143/000005114325000005/ibm-20250129xex991.htm; https://www.sec.gov/Archives/edgar/data/51143/000005114325000005/ibm-20250129xex992.htm,https://www.sec.gov/Archives/edgar/data/51143/000005114325000015/ibm-20241231.htm
INTERNATIONAL BUSINESS MACHINES CORP,IBM,7b91a6482c9a86e7,12/9/2024,33d93dc87232bd2c; 7429fa16965e7924,2025,0.016,-0.3805,0.3965,https://www.sec.gov/Archives/edgar/data/51143/000005114324000052/form8-k4q24ex991120924.htm,https://www.sec.gov/Archives/edgar/data/51143/000005114325000015/ibm-20241231.htm
INTERNATIONAL BUSINESS MACHINES CORP,IBM,b90c25d15d8a73ce; 487e014e32dd7a15,10/24/2024,33d93dc87232bd2c; 7429fa16965e7924,2025,0.136,-0.3805,0.5165,https://www.sec.gov/Archives/edgar/data/51143/000005114324000045/ex-991.htm; https://www.sec.gov/Archives/edgar/data/51143/000005114324000045/ex-992.htm,https://www.sec.gov/Archives/edgar/data/51143/000005114325000015/ibm-20241231.htm
INTERNATIONAL BUSINESS MACHINES CORP,IBM,40778a55f1792e39; e2cea740eefa1526,10/23/2024,33d93dc87232bd2c; 7429fa16965e7924,2025,-0.1044,-0.3805,0.2761,https://www.sec.gov/Archives/edgar/data/51143/000005114324000043/ibm-20241023xex991.htm; https://www.sec.gov/Archives/edgar/data/51143/000005114324000043/ibm-20241023xex992.htm,https://www.sec.gov/Archives/edgar/data/51143/000005114325000015/ibm-20241231.htm
INTERNATIONAL BUSINESS MACHINES CORP,IBM,4264c8bc8fb3dc0f; 3b401d39ef81b05c,7/25/2024,33d93dc87232bd2c; 7429fa16965e7924,2025,0.3734,-0.3805,0.7539,https://www.sec.gov/Archives/edgar/data/51143/000005114324000035/a2q24-ex991.htm; https://www.sec.gov/Archives/edgar/data/51143/000005114324000035/a2q24-ex992.htm,https://www.sec.gov/Archives/edgar/data/51143/000005114325000015/ibm-20241231.htm
INTERNATIONAL BUSINESS MACHINES CORP,IBM,24bbeee04157b36a; 52aeebc8498bef0d,7/24/2024,33d93dc87232bd2c; 7429fa16965e7924,2025,0.0338,-0.3805,0.4143,https://www.sec.gov/Archives/edgar/data/51143/000005114324000033/ibm-20240724xex991.htm; https://www.sec.gov/Archives/edgar/data/51143/000005114324000033/ibm-20240724xex992.htm,https://www.sec.gov/Archives/edgar/data/51143/000005114325000015/ibm-20241231.htm
INTERNATIONAL BUSINESS MACHINES CORP,IBM,fa14657bee81c9d0; e6183e840076e5a2,4/25/2024,33d93dc87232bd2c; 7429fa16965e7924,2025,0.3813,-0.3805,0.7618,https://www.sec.gov/Archives/edgar/data/51143/000005114324000021/a1q24-ex99x1.htm; https://www.sec.gov/Archives/edgar/data/51143/000005114324000021/a1q24-ex99x2.htm,https://www.sec.gov/Archives/edgar/data/51143/000005114325000015/ibm-20241231.htm
INTERNATIONAL BUSINESS MACHINES CORP,IBM,9aae4ee6abb0bbcb; 4e669863cc807e0d,4/24/2024,33d93dc87232bd2c; 7429fa16965e7924,2025,0.0017,-0.3805,0.3822,https://www.sec.gov/Archives/edgar/data/51143/000005114324000018/ibm-20240424xex991.htm; https://www.sec.gov/Archives/edgar/data/51143/000005114324000018/ibm-20240424xex992.htm,https://www.sec.gov/Archives/edgar/data/51143/000005114325000015/ibm-20241231.htm
INTERNATIONAL BUSINESS MACHINES CORP,IBM,a8e0bd690044b859,2/26/2024,04d2599aee71ac54; 394490300ef37f86,2024,0.0357,-0.3841,0.4198,https://www.sec.gov/Archives/edgar/data/51143/000110465924027204/tm247131d1_ex99-1.htm,https://www.sec.gov/Archives/edgar/data/51143/000005114324000012/ibm-20231231.htm
INTERNATIONAL BUSINESS MACHINES CORP,IBM,18e72f96d3aaf691; be011368857a7b8f,1/25/2024,04d2599aee71ac54; 394490300ef37f86,2024,0.3666,-0.3841,0.7508,https://www.sec.gov/Archives/edgar/data/51143/000005114324000007/ex991.htm; https://www.sec.gov/Archives/edgar/data/51143/000005114324000007/ex992.htm,https://www.sec.gov/Archives/edgar/data/51143/000005114324000012/ibm-20231231.htm
INTERNATIONAL BUSINESS MACHINES CORP,IBM,4f7a2ce08ec092ec; 76539d99a526078d,1/24/2024,04d2599aee71ac54; 394490300ef37f86,2024,0.0962,-0.3841,0.4803,https://www.sec.gov/Archives/edgar/data/51143/000005114324000004/ibm-20240124xex991.htm; https://www.sec.gov/Archives/edgar/data/51143/000005114324000004/ibm-20240124xex992.htm,https://www.sec.gov/Archives/edgar/data/51143/000005114324000012/ibm-20231231.htm
INTERNATIONAL BUSINESS MACHINES CORP,IBM,30f96b91e2b54cdc,12/12/2023,04d2599aee71ac54; 394490300ef37f86,2024,0.1015,-0.3841,0.4857,https://www.sec.gov/Archives/edgar/data/51143/000110465923125363/tm2332699d1_ex99-1.htm,https://www.sec.gov/Archives/edgar/data/51143/000005114324000012/ibm-20231231.htm
INTERNATIONAL BUSINESS MACHINES CORP,IBM,314c80691a2e91ca; 332ad4d7409d5895,10/25/2023,04d2599aee71ac54; 394490300ef37f86,2024,-0.0374,-0.3841,0.3467,https://www.sec.gov/Archives/edgar/data/51143/000005114323000026/ibm-20231025xex991.htm; https://www.sec.gov/Archives/edgar/data/51143/000005114323000026/ibm-20231025xex992.htm,https://www.sec.gov/Archives/edgar/data/51143/000005114324000012/ibm-20231231.htm
INTERNATIONAL BUSINESS MACHINES CORP,IBM,5606aa0f32a04d2c,7/31/2023,04d2599aee71ac54; 394490300ef37f86,2024,0.0806,-0.3841,0.4647,https://www.sec.gov/Archives/edgar/data/51143/000110465923085847/tm2322351d1_ex99-1.htm,https://www.sec.gov/Archives/edgar/data/51143/000005114324000012/ibm-20231231.htm
INTERNATIONAL BUSINESS MACHINES CORP,IBM,4990deffd27d7d87; fcdeb3bf8dff04be,7/20/2023,04d2599aee71ac54; 394490300ef37f86,2024,0.1935,-0.3841,0.5777,https://www.sec.gov/Archives/edgar/data/51143/000005114323000015/ibm-2023x07x20xex991.htm; https://www.sec.gov/Archives/edgar/data/51143/000005114323000015/ibm-2023x07x20xex992.htm,https://www.sec.gov/Archives/edgar/data/51143/000005114324000012/ibm-20231231.htm
INTERNATIONAL BUSINESS MACHINES CORP,IBM,498145b9193ceb67; 986834fa0b8b831a,7/19/2023,04d2599aee71ac54; 394490300ef37f86,2024,-0.0239,-0.3841,0.3602,https://www.sec.gov/Archives/edgar/data/51143/000005114323000010/ibm-20230719xex991.htm; https://www.sec.gov/Archives/edgar/data/51143/000005114323000010/ibm-20230719xex992.htm,https://www.sec.gov/Archives/edgar/data/51143/000005114324000012/ibm-20231231.htm
INTERNATIONAL BUSINESS MACHINES CORP,IBM,e163ce7f6d59b1bc; 02ac78672af6a55f,4/20/2023,04d2599aee71ac54; 394490300ef37f86,2024,0.2507,-0.3841,0.6349,https://www.sec.gov/Archives/edgar/data/51143/000155837023006321/ibm-20230419xex99d1.htm; https://www.sec.gov/Archives/edgar/data/51143/000155837023006321/ibm-20230419xex99d2.htm,https://www.sec.gov/Archives/edgar/data/51143/000005114324000012/ibm-20231231.htm
INTERNATIONAL BUSINESS MACHINES CORP,IBM,f86a6d38820dbe28; 513d717c4907334c,4/19/2023,04d2599aee71ac54; 394490300ef37f86,2024,0.0921,-0.3841,0.4762,https://www.sec.gov/Archives/edgar/data/51143/000155837023006218/ibm-20230419xex99d1.htm; https://www.sec.gov/Archives/edgar/data/51143/000155837023006218/ibm-20230419xex99d2.htm,https://www.sec.gov/Archives/edgar/data/51143/000005114324000012/ibm-20231231.htm
INTERNATIONAL BUSINESS MACHINES CORP,IBM,8fa45101c69f0620; 30d10c71be733c5c,1/26/2023,8eedb52bda226940; 1e1fc7162e439903,2023,0.3468,-0.462,0.8087,https://www.sec.gov/Archives/edgar/data/51143/000155837023000608/ibm-20230125xex99d1.htm; https://www.sec.gov/Archives/edgar/data/51143/000155837023000608/ibm-20230125xex99d2.htm,https://www.sec.gov/Archives/edgar/data/51143/000155837023002376/ibm-20221231x10k.htm
INTERNATIONAL BUSINESS MACHINES CORP,IBM,10591cd810009c17; d90a8237f89401bd,1/25/2023,8eedb52bda226940; 1e1fc7162e439903,2023,0.1083,-0.462,0.5703,https://www.sec.gov/Archives/edgar/data/51143/000155837023000529/ibm-20230125xex99d1.htm; https://www.sec.gov/Archives/edgar/data/51143/000155837023000529/ibm-20230125xex99d2.htm,https://www.sec.gov/Archives/edgar/data/51143/000155837023002376/ibm-20221231x10k.htm
INTERNATIONAL BUSINESS MACHINES CORP,IBM,03a541acd10772af; 199497ba881e4a39,10/20/2022,8eedb52bda226940; 1e1fc7162e439903,2023,0.3635,-0.462,0.8254,https://www.sec.gov/Archives/edgar/data/51143/000155837022015133/ibm-20221019xex99d1.htm; https://www.sec.gov/Archives/edgar/data/51143/000155837022015133/ibm-20221019xex99d2.htm,https://www.sec.gov/Archives/edgar/data/51143/000155837023002376/ibm-20221231x10k.htm
INTERNATIONAL BUSINESS MACHINES CORP,IBM,35b70ed4be1e6c5a; aa077ca63f2ad2a0,10/19/2022,8eedb52bda226940; 1e1fc7162e439903,2023,-0.0728,-0.462,0.3891,https://www.sec.gov/Archives/edgar/data/51143/000155837022015079/ibm-20221019xex99d1.htm; https://www.sec.gov/Archives/edgar/data/51143/000155837022015079/ibm-20221019xex99d2.htm,https://www.sec.gov/Archives/edgar/data/51143/000155837023002376/ibm-20221231x10k.htm
INTERNATIONAL BUSINESS MACHINES CORP,IBM,38f88f2c12f02f71; ce8480e92b96d57b,7/19/2022,8eedb52bda226940; 1e1fc7162e439903,2023,0.5707,-0.462,1.0326,https://www.sec.gov/Archives/edgar/data/51143/000155837022010829/ibm-20220718xex99d1.htm; https://www.sec.gov/Archives/edgar/data/51143/000155837022010829/ibm-20220718xex99d2.htm,https://www.sec.gov/Archives/edgar/data/51143/000155837023002376/ibm-20221231x10k.htm
INTERNATIONAL BUSINESS MACHINES CORP,IBM,15f4a4125c26c284; 94a7125414ac6891; 4eac15a2917d7a66,7/18/2022,8eedb52bda226940; 1e1fc7162e439903,2023,0.0559,-0.462,0.5178,https://www.sec.gov/Archives/edgar/data/51143/000155837022010793/ibm-20220718xex99d1.htm; https://www.sec.gov/Archives/edgar/data/51143/000155837022010793/ibm-20220718xex99d2.htm; https://www.sec.gov/Archives/edgar/data/51143/000155837022010793/ibm-20220718xex99d3.htm,https://www.sec.gov/Archives/edgar/data/51143/000155837023002376/ibm-20221231x10k.htm
INTERNATIONAL BUSINESS MACHINES CORP,IBM,c6e1d758080e6cf2; c78b09a5de149756,4/20/2022,8eedb52bda226940; 1e1fc7162e439903,2023,0.4505,-0.462,0.9124,https://www.sec.gov/Archives/edgar/data/51143/000155837022005646/ibm-20220419xex99d1.htm; https://www.sec.gov/Archives/edgar/data/51143/000155837022005646/ibm-20220419xex99d2.htm,https://www.sec.gov/Archives/edgar/data/51143/000155837023002376/ibm-20221231x10k.htm
INTERNATIONAL BUSINESS MACHINES CORP,IBM,23f866e4d2db89f7; 2ac3193350cbb0d5; 30034d53fda1da26,4/19/2022,8eedb52bda226940; 1e1fc7162e439903,2023,0.0348,-0.462,0.4968,https://www.sec.gov/Archives/edgar/data/51143/000155837022005584/ibm-20220419xex99d1.htm; https://www.sec.gov/Archives/edgar/data/51143/000155837022005584/ibm-20220419xex99d2.htm; https://www.sec.gov/Archives/edgar/data/51143/000155837022005584/ibm-20220419xex99d3.htm,https://www.sec.gov/Archives/edgar/data/51143/000155837023002376/ibm-20221231x10k.htm
INTERNATIONAL BUSINESS MACHINES CORP,IBM,6e2cfb144534b8ae,3/31/2022,8eedb52bda226940; 1e1fc7162e439903,2023,-0.0248,-0.462,0.4371,https://www.sec.gov/Archives/edgar/data/51143/000155837022004921/ibm-20220331xex99d1.htm,https://www.sec.gov/Archives/edgar/data/51143/000155837023002376/ibm-20221231x10k.htm
INTERNATIONAL BUSINESS MACHINES CORP,IBM,e3d9250c4b318d35; 5a299764b0a6873f,1/25/2022,f14a2aa7375c1669; 6052279ee6271cb3,2022,0.5118,-0.4482,0.96,https://www.sec.gov/Archives/edgar/data/51143/000155837022000425/ibm-20220124xex99d1.htm; https://www.sec.gov/Archives/edgar/data/51143/000155837022000425/ibm-20220124xex99d2.htm,https://www.sec.gov/Archives/edgar/data/51143/000155837022001584/ibm-20211231x10k.htm
INTERNATIONAL BUSINESS MACHINES CORP,IBM,e4f6b324c8dca991; 5178f91cc1bbd52d; a9757dfe19e227d0,1/24/2022,f14a2aa7375c1669; 6052279ee6271cb3,2022,0.0493,-0.4482,0.4975,https://www.sec.gov/Archives/edgar/data/51143/000155837022000384/ibm-20220124xex99d1.htm; https://www.sec.gov/Archives/edgar/data/51143/000155837022000384/ibm-20220124xex99d2.htm; https://www.sec.gov/Archives/edgar/data/51143/000155837022000384/ibm-20220124xex99d3.htm,https://www.sec.gov/Archives/edgar/data/51143/000155837022001584/ibm-20211231x10k.htm
INTERNATIONAL BUSINESS MACHINES CORP,IBM,d0d308ce4f419825; 580d73ffdb44b615,12/27/2021,f14a2aa7375c1669; 6052279ee6271cb3,2022,-0.0601,-0.4482,0.3882,https://www.sec.gov/Archives/edgar/data/51143/000155837021017039/ibm-20211227xex99d1.htm; https://www.sec.gov/Archives/edgar/data/51143/000155837021017039/ibm-20211227xex99d2.htm,https://www.sec.gov/Archives/edgar/data/51143/000155837022001584/ibm-20211231x10k.htm
INTERNATIONAL BUSINESS MACHINES CORP,IBM,f858b5b149441200,11/29/2021,f14a2aa7375c1669; 6052279ee6271cb3,2022,-0.0174,-0.4482,0.4308,https://www.sec.gov/Archives/edgar/data/51143/000155837021016363/ibm-20211129xex99d1.htm,https://www.sec.gov/Archives/edgar/data/51143/000155837022001584/ibm-20211231x10k.htm
INTERNATIONAL BUSINESS MACHINES CORP,IBM,b2b03397f62589f8; 03d704e34d211a6a; 4155d2f24a62ec1c,11/4/2021,f14a2aa7375c1669; 6052279ee6271cb3,2022,-0.0872,-0.4482,0.361,https://www.sec.gov/Archives/edgar/data/51143/000155837021014643/ibm-20211103xex99d1.htm; https://www.sec.gov/Archives/edgar/data/51143/000155837021014643/ibm-20211103xex99d2.htm; https://www.sec.gov/Archives/edgar/data/51143/000155837021014643/ibm-20211103xex99d3.htm,https://www.sec.gov/Archives/edgar/data/51143/000155837022001584/ibm-20211231x10k.htm
INTERNATIONAL BUSINESS MACHINES CORP,IBM,66226435d68ccadd; 0b4cf4aa1459a193,10/21/2021,f14a2aa7375c1669; 6052279ee6271cb3,2022,0.2361,-0.4482,0.6844,https://www.sec.gov/Archives/edgar/data/51143/000155837021013351/ibm-20211020xex99d1.htm; https://www.sec.gov/Archives/edgar/data/51143/000155837021013351/ibm-20211020xex99d2.htm,https://www.sec.gov/Archives/edgar/data/51143/000155837022001584/ibm-20211231x10k.htm
INTERNATIONAL BUSINESS MACHINES CORP,IBM,bc4882d2b5294344; d74b825de1c2af04; 4f6e54e3889deaf6,10/20/2021,f14a2aa7375c1669; 6052279ee6271cb3,2022,-0.0468,-0.4482,0.4014,https://www.sec.gov/Archives/edgar/data/51143/000155837021013312/ibm-20211020xex99d1.htm; https://www.sec.gov/Archives/edgar/data/51143/000155837021013312/ibm-20211020xex99d2.htm; https://www.sec.gov/Archives/edgar/data/51143/000155837021013312/ibm-20211020xex99d3.htm,https://www.sec.gov/Archives/edgar/data/51143/000155837022001584/ibm-20211231x10k.htm
INTERNATIONAL BUSINESS MACHINES CORP,IBM,d0060b8c1d71ad8b,10/15/2021,f14a2aa7375c1669; 6052279ee6271cb3,2022,-0.1119,-0.4482,0.3363,https://www.sec.gov/Archives/edgar/data/51143/000110465921126749/tm2130095d1_ex99-1.htm,https://www.sec.gov/Archives/edgar/data/51143/000155837022001584/ibm-20211231x10k.htm
INTERNATIONAL BUSINESS MACHINES CORP,IBM,a5b00daf0251d884,10/12/2021,f14a2aa7375c1669; 6052279ee6271cb3,2022,-0.147,-0.4482,0.3012,https://www.sec.gov/Archives/edgar/data/51143/000110465921125064/tm2128856d3_ex99-1.htm,https://www.sec.gov/Archives/edgar/data/51143/000155837022001584/ibm-20211231x10k.htm
INTERNATIONAL BUSINESS MACHINES CORP,IBM,cdb9422801508b80; fd9425a4fdbd3dca; 4623a92c71ee3231,10/4/2021,f14a2aa7375c1669; 6052279ee6271cb3,2022,0.2706,-0.4482,0.7188,https://www.sec.gov/Archives/edgar/data/51143/000155837021012961/ibm-20211004xex99d1.htm; https://www.sec.gov/Archives/edgar/data/51143/000155837021012961/ibm-20211004xex99d2.htm; https://www.sec.gov/Archives/edgar/data/51143/000155837021012961/ibm-20211004xex99d3.htm,https://www.sec.gov/Archives/edgar/data/51143/000155837022001584/ibm-20211231x10k.htm
INTERNATIONAL BUSINESS MACHINES CORP,IBM,392510562a3b4177,9/30/2021,f14a2aa7375c1669; 6052279ee6271cb3,2022,0.1809,-0.4482,0.6291,https://www.sec.gov/Archives/edgar/data/51143/000110465921121014/tm2128856d1_ex99-1.htm,https://www.sec.gov/Archives/edgar/data/51143/000155837022001584/ibm-20211231x10k.htm
INTERNATIONAL BUSINESS MACHINES CORP,IBM,43cb4692cfb9000e; b1a1290d72dc8042; f4e78055e9ae93d2,9/28/2021,f14a2aa7375c1669; 6052279ee6271cb3,2022,0.0245,-0.4482,0.4728,https://www.sec.gov/Archives/edgar/data/51143/000155837021012847/ibm-20210928xex99d1.htm; https://www.sec.gov/Archives/edgar/data/51143/000155837021012847/ibm-20210928xex99d2.htm; https://www.sec.gov/Archives/edgar/data/51143/000155837021012847/ibm-20210928xex99d3.htm,https://www.sec.gov/Archives/edgar/data/51143/000155837022001584/ibm-20211231x10k.htm
INTERNATIONAL BUSINESS MACHINES CORP,IBM,1330a2556430c294; 29d72fe060b41172,7/20/2021,f14a2aa7375c1669; 6052279ee6271cb3,2022,0.3871,-0.4482,0.8353,https://www.sec.gov/Archives/edgar/data/51143/000155837021009019/ibm-20210719xex99d1.htm; https://www.sec.gov/Archives/edgar/data/51143/000155837021009019/ibm-20210719xex99d2.htm,https://www.sec.gov/Archives/edgar/data/51143/000155837022001584/ibm-20211231x10k.htm
INTERNATIONAL BUSINESS MACHINES CORP,IBM,8b087e9c9622c1c2; 9191650d8e413e45; 525ed8f9d77a8907,7/19/2021,f14a2aa7375c1669; 6052279ee6271cb3,2022,-0.0014,-0.4482,0.4468,https://www.sec.gov/Archives/edgar/data/51143/000155837021009005/ibm-20210719xex99d1.htm; https://www.sec.gov/Archives/edgar/data/51143/000155837021009005/ibm-20210719xex99d2.htm; https://www.sec.gov/Archives/edgar/data/51143/000155837021009005/ibm-20210719xex99d3.htm,https://www.sec.gov/Archives/edgar/data/51143/000155837022001584/ibm-20211231x10k.htm
INTERNATIONAL BUSINESS MACHINES CORP,IBM,05f334cf4091315f; ba172b6b0c0fd0d7,4/20/2021,f14a2aa7375c1669; 6052279ee6271cb3,2022,0.5655,-0.4482,1.0137,https://www.sec.gov/Archives/edgar/data/51143/000155837021004495/ibm-20210419xex99d1.htm; https://www.sec.gov/Archives/edgar/data/51143/000155837021004495/ibm-20210419xex99d2.htm,https://www.sec.gov/Archives/edgar/data/51143/000155837022001584/ibm-20211231x10k.htm
INTERNATIONAL BUSINESS MACHINES CORP,IBM,0595ccc9ce4706a7; e353b86b04b7d8fb; 7a09d718998526b9,4/19/2021,f14a2aa7375c1669; 6052279ee6271cb3,2022,0.0231,-0.4482,0.4713,https://www.sec.gov/Archives/edgar/data/51143/000155837021004470/ibm-20210419xex99d1.htm; https://www.sec.gov/Archives/edgar/data/51143/000155837021004470/ibm-20210419xex99d2.htm; https://www.sec.gov/Archives/edgar/data/51143/000155837021004470/ibm-20210419xex99d3.htm,https://www.sec.gov/Archives/edgar/data/51143/000155837022001584/ibm-20211231x10k.htm
INTERNATIONAL BUSINESS MACHINES CORP,IBM,8267408cea9cf29e,2/24/2021,f14a2aa7375c1669; 6052279ee6271cb3,2022,0.2095,-0.4482,0.6577,https://www.sec.gov/Archives/edgar/data/51143/000110465921027214/tm217754d1_ex99-1.htm,https://www.sec.gov/Archives/edgar/data/51143/000155837022001584/ibm-20211231x10k.htm
INTERNATIONAL BUSINESS MACHINES CORP,IBM,6b34c1c069f274b9; d31abd4e23a11246,1/22/2021,491ea0224f5efd8f; 0ab06c1ce712979b,2021,0.3833,-0.4312,0.8145,https://www.sec.gov/Archives/edgar/data/51143/000155837021000349/ibm-20210121xex99d1.htm; https://www.sec.gov/Archives/edgar/data/51143/000155837021000349/ibm-20210121xex99d2.htm,https://www.sec.gov/Archives/edgar/data/51143/000155837021001489/ibm-20201231x10k.htm
INTERNATIONAL BUSINESS MACHINES CORP,IBM,c3b1659fbdddd73c; 04e50a453dc4dcf0; 6256b07cc12a0d8c,1/21/2021,491ea0224f5efd8f; 0ab06c1ce712979b,2021,-0.0839,-0.4312,0.3472,https://www.sec.gov/Archives/edgar/data/51143/000155837021000327/ibm-20210121xex99d1.htm; https://www.sec.gov/Archives/edgar/data/51143/000155837021000327/ibm-20210121xex99d2.htm; https://www.sec.gov/Archives/edgar/data/51143/000155837021000327/ibm-20210121xex99d3.htm,https://www.sec.gov/Archives/edgar/data/51143/000155837021001489/ibm-20201231x10k.htm
INTERNATIONAL BUSINESS MACHINES CORP,IBM,001c47e846572c3b,12/18/2020,491ea0224f5efd8f; 0ab06c1ce712979b,2021,-0.0386,-0.4312,0.3926,https://www.sec.gov/Archives/edgar/data/51143/000110465920137423/tm2038625d2_ex99-1.htm,https://www.sec.gov/Archives/edgar/data/51143/000155837021001489/ibm-20201231x10k.htm
INTERNATIONAL BUSINESS MACHINES CORP,IBM,07be397b62be1150; b228b2c5001b940a,12/16/2020,491ea0224f5efd8f; 0ab06c1ce712979b,2021,0.0449,-0.4312,0.476,https://www.sec.gov/Archives/edgar/data/51143/000110465920136302/tm2038625d1_ex99-1.htm; https://www.sec.gov/Archives/edgar/data/51143/000110465920136302/tm2038625d1_ex99-2.htm,https://www.sec.gov/Archives/edgar/data/51143/000155837021001489/ibm-20201231x10k.htm
INTERNATIONAL BUSINESS MACHINES CORP,IBM,f9795ff345e1fc92; 64514b4e96fb6962,10/20/2020,491ea0224f5efd8f; 0ab06c1ce712979b,2021,0.3934,-0.4312,0.8246,https://www.sec.gov/Archives/edgar/data/51143/000155837020011577/ibm-20201019xex99d1.htm; https://www.sec.gov/Archives/edgar/data/51143/000155837020011577/ibm-20201019xex99d2.htm,https://www.sec.gov/Archives/edgar/data/51143/000155837021001489/ibm-20201231x10k.htm
INTERNATIONAL BUSINESS MACHINES CORP,IBM,91fc707eeacecc99; fd96b9468672b7b1; 37f509422d73f67a,10/19/2020,491ea0224f5efd8f; 0ab06c1ce712979b,2021,-0.015,-0.4312,0.4162,https://www.sec.gov/Archives/edgar/data/51143/000155837020011556/ibm-20201019xex99d1.htm; https://www.sec.gov/Archives/edgar/data/51143/000155837020011556/ibm-20201019xex99d2.htm; https://www.sec.gov/Archives/edgar/data/51143/000155837020011556/ibm-20201019xex99d3.htm,https://www.sec.gov/Archives/edgar/data/51143/000155837021001489/ibm-20201231x10k.htm
INTERNATIONAL BUSINESS MACHINES CORP,IBM,eae59ae6947d051f; 64a35728078328a5; 463fd69ddb23f45e,10/8/2020,491ea0224f5efd8f; 0ab06c1ce712979b,2021,0.2829,-0.4312,0.7141,https://www.sec.gov/Archives/edgar/data/51143/000110465920113260/tm2032661d1_ex99-1.htm; https://www.sec.gov/Archives/edgar/data/51143/000110465920113260/tm2032661d1_ex99-2.htm; https://www.sec.gov/Archives/edgar/data/51143/000110465920113260/tm2032661d1_ex99-3.htm,https://www.sec.gov/Archives/edgar/data/51143/000155837021001489/ibm-20201231x10k.htm
INTERNATIONAL BUSINESS MACHINES CORP,IBM,47fb1925ef267a02; c252a8ccf062b239,7/21/2020,491ea0224f5efd8f; 0ab06c1ce712979b,2021,0.2652,-0.4312,0.6963,https://www.sec.gov/Archives/edgar/data/51143/000155837020008273/ibm-20200720xex99d1.htm; https://www.sec.gov/Archives/edgar/data/51143/000155837020008273/ibm-20200720xex99d2.htm,https://www.sec.gov/Archives/edgar/data/51143/000155837021001489/ibm-20201231x10k.htm
INTERNATIONAL BUSINESS MACHINES CORP,IBM,07c943d69aabfcd2; 07eeb5c68754186c; 62ebd8340b318a2b,7/20/2020,491ea0224f5efd8f; 0ab06c1ce712979b,2021,-0.0069,-0.4312,0.4243,https://www.sec.gov/Archives/edgar/data/51143/000155837020008241/ibm-20200720xex99d1.htm; https://www.sec.gov/Archives/edgar/data/51143/000155837020008241/ibm-20200720xex99d2.htm; https://www.sec.gov/Archives/edgar/data/51143/000155837020008241/ibm-20200720xex99d3.htm,https://www.sec.gov/Archives/edgar/data/51143/000155837021001489/ibm-20201231x10k.htm
INTERNATIONAL BUSINESS MACHINES CORP,IBM,d589dec38ca2ca09; 4ae3de95ef93c3a5; 19528c2047a60b96,4/21/2020,491ea0224f5efd8f; 0ab06c1ce712979b,2021,0.3278,-0.4312,0.759,https://www.sec.gov/Archives/edgar/data/51143/000155837020004097/ibm-20200420xex99d1.htm; https://www.sec.gov/Archives/edgar/data/51143/000155837020004097/ibm-20200420xex99d2.htm; https://www.sec.gov/Archives/edgar/data/51143/000155837020004097/ibm-20200420xex99d3.htm,https://www.sec.gov/Archives/edgar/data/51143/000155837021001489/ibm-20201231x10k.htm
INTERNATIONAL BUSINESS MACHINES CORP,IBM,79af088606527933; 6e9b9dabcf951954; 66cde6340c775b41,4/20/2020,491ea0224f5efd8f; 0ab06c1ce712979b,2021,0.061,-0.4312,0.4922,https://www.sec.gov/Archives/edgar/data/51143/000155837020004062/ibm-20200420xex99d1.htm; https://www.sec.gov/Archives/edgar/data/51143/000155837020004062/ibm-20200420xex99d2.htm; https://www.sec.gov/Archives/edgar/data/51143/000155837020004062/ibm-20200420xex99d3.htm,https://www.sec.gov/Archives/edgar/data/51143/000155837021001489/ibm-20201231x10k.htm
INTERNATIONAL BUSINESS MACHINES CORP,IBM,d649f24edc014b5b,1/31/2020,a2f7faec54c17bc9; 085ebf59d603a515,2020,0.2742,-0.5141,0.7884,https://www.sec.gov/Archives/edgar/data/51143/000110465920008982/tm205825d2_ex99-1.htm,https://www.sec.gov/Archives/edgar/data/51143/000155837020001334/ibm-20191231x10k2af531.htm
INTERNATIONAL BUSINESS MACHINES CORP,IBM,b1c49e4b0d96d68c; 5139f5063fdf6964,1/22/2020,a2f7faec54c17bc9; 085ebf59d603a515,2020,0.4452,-0.5141,0.9593,https://www.sec.gov/Archives/edgar/data/51143/000155837020000218/ex-99d1.htm; https://www.sec.gov/Archives/edgar/data/51143/000155837020000218/ex-99d2.htm,https://www.sec.gov/Archives/edgar/data/51143/000155837020001334/ibm-20191231x10k2af531.htm
INTERNATIONAL BUSINESS MACHINES CORP,IBM,8e3e3dd7fda44120; 872056ec2fd395aa; 71d964e1c3b5ceaa,1/21/2020,a2f7faec54c17bc9; 085ebf59d603a515,2020,0.0103,-0.5141,0.5244,https://www.sec.gov/Archives/edgar/data/51143/000155837020000200/ex-99d1.htm; https://www.sec.gov/Archives/edgar/data/51143/000155837020000200/ex-99d2.htm; https://www.sec.gov/Archives/edgar/data/51143/000155837020000200/ex-99d3.htm,https://www.sec.gov/Archives/edgar/data/51143/000155837020001334/ibm-20191231x10k2af531.htm
Dell Technologies Inc.,DELL,db373ffbd6e790ce; a28460814fb67658,10/7/2025,70ba3f174c14719c; e945f5209a70a9a4,2026,0.206,-0.2038,0.4098,https://www.sec.gov/Archives/edgar/data/1571996/000119312525232662/d55706dex991.htm; https://www.sec.gov/Archives/edgar/data/1571996/000119312525232662/d55706dex992.htm,https://www.sec.gov/Archives/edgar/data/1571996/000157199626000008/dell-20260130.htm
Dell Technologies Inc.,DELL,611a2dcc1152ed85,10/2/2024,65c5534599927463; 4905deb7b8f1b60e,2025,-0.0321,-0.2892,0.2571,https://www.sec.gov/Archives/edgar/data/1571996/000119312524231195/d802942dex991.htm,https://www.sec.gov/Archives/edgar/data/1571996/000157199625000034/dell-20250131.htm
Dell Technologies Inc.,DELL,2861504aae64d683,3/6/2024,b02bb8bc8f5e109d; 54bc5c5cbb2ece24,2024,-0.0317,-0.2827,0.251,https://www.sec.gov/Archives/edgar/data/1571996/000119312524059631/d794419dex991.htm,https://www.sec.gov/Archives/edgar/data/1571996/000157199624000036/dell-20240202.htm
Dell Technologies Inc.,DELL,6f13afc8d7e7188a; d0563990f8933da6,12/18/2023,b02bb8bc8f5e109d; 54bc5c5cbb2ece24,2024,-0.059,-0.2827,0.2237,https://www.sec.gov/Archives/edgar/data/1571996/000119312523297664/d625155dex991.htm; https://www.sec.gov/Archives/edgar/data/1571996/000119312523297664/d625155dex992.htm,https://www.sec.gov/Archives/edgar/data/1571996/000157199624000036/dell-20240202.htm
Dell Technologies Inc.,DELL,bcc0a9f84dcb7456,12/4/2023,b02bb8bc8f5e109d; 54bc5c5cbb2ece24,2024,-0.0368,-0.2827,0.2459,https://www.sec.gov/Archives/edgar/data/1571996/000119312523288428/d56618dex991.htm,https://www.sec.gov/Archives/edgar/data/1571996/000157199624000036/dell-20240202.htm
Dell Technologies Inc.,DELL,ec3e17e6e97685d9,10/5/2023,b02bb8bc8f5e109d; 54bc5c5cbb2ece24,2024,0.3952,-0.2827,0.6779,https://www.sec.gov/Archives/edgar/data/1571996/000119312523251131/d541426dex991.htm,https://www.sec.gov/Archives/edgar/data/1571996/000157199624000036/dell-20240202.htm
Dell Technologies Inc.,DELL,9cd2838a921f8434; 4df766eb4c35361a,6/30/2023,b02bb8bc8f5e109d; 54bc5c5cbb2ece24,2024,-0.0662,-0.2827,0.2165,https://www.sec.gov/Archives/edgar/data/1571996/000119312523180570/d475980dex991.htm; https://www.sec.gov/Archives/edgar/data/1571996/000119312523180570/d475980dex992.htm,https://www.sec.gov/Archives/edgar/data/1571996/000157199624000036/dell-20240202.htm
Dell Technologies Inc.,DELL,24ac7dc4d969939d,6/15/2023,b02bb8bc8f5e109d; 54bc5c5cbb2ece24,2024,-0.0505,-0.2827,0.2322,https://www.sec.gov/Archives/edgar/data/1571996/000119312523167472/d505540dex991.htm,https://www.sec.gov/Archives/edgar/data/1571996/000157199624000036/dell-20240202.htm
Dell Technologies Inc.,DELL,d99c9728b8182b0e,2/6/2023,5f387ca61fc8500d; d400b4258842a434,2023,0.5943,-0.262,0.8563,https://www.sec.gov/Archives/edgar/data/1571996/000119312523024781/d459652dex991.htm,https://www.sec.gov/Archives/edgar/data/1571996/000157199623000007/dell-20230203.htm
Dell Technologies Inc.,DELL,a4341dfe428269df,1/11/2023,5f387ca61fc8500d; d400b4258842a434,2023,-0.0316,-0.262,0.2304,https://www.sec.gov/Archives/edgar/data/1571996/000119312523006528/d449158dex991.htm,https://www.sec.gov/Archives/edgar/data/1571996/000157199623000007/dell-20230203.htm
ORACLE CORP,ORCL,cd76030fa4fddc27,6/10/2026,b5db10277712ffd2; be038d9bce498851,2026,0.1123,-0.2792,0.3915,https://www.sec.gov/Archives/edgar/data/1341439/000119312526265848/orcl-ex99_1.htm,https://www.sec.gov/Archives/edgar/data/1341439/000119312526277521/orcl-20260531.htm
ORACLE CORP,ORCL,6afca874a6f9027c,5/12/2026,b5db10277712ffd2; be038d9bce498851,2026,0.0835,-0.2792,0.3627,https://www.sec.gov/Archives/edgar/data/1341439/000119312526219708/d76569dex991.htm,https://www.sec.gov/Archives/edgar/data/1341439/000119312526277521/orcl-20260531.htm
ORACLE CORP,ORCL,668074045e56b14b,4/6/2026,b5db10277712ffd2; be038d9bce498851,2026,0.4064,-0.2792,0.6856,https://www.sec.gov/Archives/edgar/data/1341439/000119312526142939/d132760dex991.htm,https://www.sec.gov/Archives/edgar/data/1341439/000119312526277521/orcl-20260531.htm
ORACLE CORP,ORCL,4f17fb94a81f7bdc,3/10/2026,b5db10277712ffd2; be038d9bce498851,2026,0.0564,-0.2792,0.3356,https://www.sec.gov/Archives/edgar/data/1341439/000119312526100148/orcl-ex99_1.htm,https://www.sec.gov/Archives/edgar/data/1341439/000119312526277521/orcl-20260531.htm
ORACLE CORP,ORCL,b007cf10e26d82ff,12/10/2025,b5db10277712ffd2; be038d9bce498851,2026,0.0491,-0.2792,0.3284,https://www.sec.gov/Archives/edgar/data/1341439/000119312525314207/orcl-ex99_1.htm,https://www.sec.gov/Archives/edgar/data/1341439/000119312526277521/orcl-20260531.htm
ORACLE CORP,ORCL,008d86c44be85e15,11/21/2025,b5db10277712ffd2; be038d9bce498851,2026,0.1077,-0.2792,0.3869,https://www.sec.gov/Archives/edgar/data/1341439/000119312525291441/d43173dex991.htm,https://www.sec.gov/Archives/edgar/data/1341439/000119312526277521/orcl-20260531.htm
ORACLE CORP,ORCL,ef57ded71075606c,9/22/2025,b5db10277712ffd2; be038d9bce498851,2026,0.1895,-0.2792,0.4688,https://www.sec.gov/Archives/edgar/data/1341439/000119312525210089/d921500dex991.htm,https://www.sec.gov/Archives/edgar/data/1341439/000119312526277521/orcl-20260531.htm
ORACLE CORP,ORCL,81b0153856b09a7d,9/9/2025,b5db10277712ffd2; be038d9bce498851,2026,0.0325,-0.2792,0.3118,https://www.sec.gov/Archives/edgar/data/1341439/000119312525199175/orcl-ex99_1.htm,https://www.sec.gov/Archives/edgar/data/1341439/000119312526277521/orcl-20260531.htm
ORACLE CORP,ORCL,31209ee8605bc1dd,6/11/2025,aca90e8cd0416658; e52cb45ff319330e,2025,0.0192,-0.3325,0.3517,https://www.sec.gov/Archives/edgar/data/1341439/000095017025084831/orcl-ex99_1.htm,https://www.sec.gov/Archives/edgar/data/1341439/000095017025087926/orcl-20250531.htm
ORACLE CORP,ORCL,63ae9f49b516818a,3/10/2025,aca90e8cd0416658; e52cb45ff319330e,2025,0.0022,-0.3325,0.3347,https://www.sec.gov/Archives/edgar/data/1341439/000095017025036295/orcl-ex99_1.htm,https://www.sec.gov/Archives/edgar/data/1341439/000095017025087926/orcl-20250531.htm
ORACLE CORP,ORCL,89cf5784117badea,12/9/2024,aca90e8cd0416658; e52cb45ff319330e,2025,0.0043,-0.3325,0.3368,https://www.sec.gov/Archives/edgar/data/1341439/000095017024134537/orcl-ex99_1.htm,https://www.sec.gov/Archives/edgar/data/1341439/000095017025087926/orcl-20250531.htm
ORACLE CORP,ORCL,00d92ef51a1d0e33,9/9/2024,aca90e8cd0416658; e52cb45ff319330e,2025,0.0315,-0.3325,0.364,https://www.sec.gov/Archives/edgar/data/1341439/000095017024104753/orcl-ex99_1.htm,https://www.sec.gov/Archives/edgar/data/1341439/000095017025087926/orcl-20250531.htm
ORACLE CORP,ORCL,360c12fca7bb4796,6/11/2024,5e50d2f626d262ba; c31d4585c2c681da,2024,-0.0046,-0.3283,0.3237,https://www.sec.gov/Archives/edgar/data/1341439/000095017024071916/orcl-ex99_1.htm,https://www.sec.gov/Archives/edgar/data/1341439/000095017024075605/orcl-20240531.htm
ORACLE CORP,ORCL,ec84cd20a112ba36,3/11/2024,5e50d2f626d262ba; c31d4585c2c681da,2024,-0.0107,-0.3283,0.3176,https://www.sec.gov/Archives/edgar/data/1341439/000095017024029250/orcl-ex99_1.htm,https://www.sec.gov/Archives/edgar/data/1341439/000095017024075605/orcl-20240531.htm
ORACLE CORP,ORCL,7aed62cae42f382d,12/11/2023,5e50d2f626d262ba; c31d4585c2c681da,2024,-0.0308,-0.3283,0.2975,https://www.sec.gov/Archives/edgar/data/1341439/000095017023069410/orcl-ex99_1.htm,https://www.sec.gov/Archives/edgar/data/1341439/000095017024075605/orcl-20240531.htm
ORACLE CORP,ORCL,5eb68253b39decb3,9/11/2023,5e50d2f626d262ba; c31d4585c2c681da,2024,0.0654,-0.3283,0.3937,https://www.sec.gov/Archives/edgar/data/1341439/000095017023047471/orcl-ex99_1.htm,https://www.sec.gov/Archives/edgar/data/1341439/000095017024075605/orcl-20240531.htm
ORACLE CORP,ORCL,c8c746c70299998c,6/12/2023,eee963c13b43497e; 0780b983f1c93958,2023,-0.0133,-0.2824,0.2691,https://www.sec.gov/Archives/edgar/data/1341439/000095017023027490/orcl-ex99_1.htm,https://www.sec.gov/Archives/edgar/data/1341439/000095017023028914/orcl-20230531.htm
ORACLE CORP,ORCL,c14aa7bc13eb0157,3/9/2023,eee963c13b43497e; 0780b983f1c93958,2023,-0.0088,-0.2824,0.2736,https://www.sec.gov/Archives/edgar/data/1341439/000156459023003362/orcl-ex991_6.htm,https://www.sec.gov/Archives/edgar/data/1341439/000095017023028914/orcl-20230531.htm
ORACLE CORP,ORCL,7ed4b95c7e30123a,12/12/2022,eee963c13b43497e; 0780b983f1c93958,2023,-0.07,-0.2824,0.2123,https://www.sec.gov/Archives/edgar/data/1341439/000156459022039236/orcl-ex991_6.htm,https://www.sec.gov/Archives/edgar/data/1341439/000095017023028914/orcl-20230531.htm
ORACLE CORP,ORCL,be10f6ba7be7f7e7,9/12/2022,eee963c13b43497e; 0780b983f1c93958,2023,0.0264,-0.2824,0.3088,https://www.sec.gov/Archives/edgar/data/1341439/000156459022031466/orcl-ex991_6.htm,https://www.sec.gov/Archives/edgar/data/1341439/000095017023028914/orcl-20230531.htm
ORACLE CORP,ORCL,750b0ee3dad815dd,7/11/2022,eee963c13b43497e; 0780b983f1c93958,2023,0.3962,-0.2824,0.6786,https://www.sec.gov/Archives/edgar/data/1341439/000119312522191296/d331231dex991.htm,https://www.sec.gov/Archives/edgar/data/1341439/000095017023028914/orcl-20230531.htm
ORACLE CORP,ORCL,fe96ed0354d910d6,6/13/2022,eb41c737b392d65e; e1a8b2a2fdb2ca92,2022,-0.0127,-0.3041,0.2915,https://www.sec.gov/Archives/edgar/data/1341439/000156459022023099/orcl-ex991_6.htm,https://www.sec.gov/Archives/edgar/data/1341439/000156459022023675/orcl-10k_20220531.htm
ORACLE CORP,ORCL,7ac2e67dff248100,3/24/2022,eb41c737b392d65e; e1a8b2a2fdb2ca92,2022,0.2488,-0.3041,0.553,https://www.sec.gov/Archives/edgar/data/1341439/000119312522083447/d332961dex991.htm,https://www.sec.gov/Archives/edgar/data/1341439/000156459022023675/orcl-10k_20220531.htm
ORACLE CORP,ORCL,9c632c1f34ac05f7,3/10/2022,eb41c737b392d65e; e1a8b2a2fdb2ca92,2022,-0.0844,-0.3041,0.2197,https://www.sec.gov/Archives/edgar/data/1341439/000156459022009640/orcl-ex991_6.htm,https://www.sec.gov/Archives/edgar/data/1341439/000156459022023675/orcl-10k_20220531.htm
ORACLE CORP,ORCL,410fb22ac22cc215,12/20/2021,eb41c737b392d65e; e1a8b2a2fdb2ca92,2022,0.3414,-0.3041,0.6455,https://www.sec.gov/Archives/edgar/data/1341439/000119312521362532/d276733dex991.htm,https://www.sec.gov/Archives/edgar/data/1341439/000156459022023675/orcl-10k_20220531.htm
ORACLE CORP,ORCL,f22efc90026166da,12/9/2021,eb41c737b392d65e; e1a8b2a2fdb2ca92,2022,-0.1326,-0.3041,0.1716,https://www.sec.gov/Archives/edgar/data/1341439/000156459021059893/orcl-ex991_6.htm,https://www.sec.gov/Archives/edgar/data/1341439/000156459022023675/orcl-10k_20220531.htm
ORACLE CORP,ORCL,47d0364a80b2ff17,9/13/2021,eb41c737b392d65e; e1a8b2a2fdb2ca92,2022,-0.053,-0.3041,0.2511,https://www.sec.gov/Archives/edgar/data/1341439/000156459021047736/orcl-ex991_6.htm,https://www.sec.gov/Archives/edgar/data/1341439/000156459022023675/orcl-10k_20220531.htm
ORACLE CORP,ORCL,d6bf47daef0c9018,8/27/2021,eb41c737b392d65e; e1a8b2a2fdb2ca92,2022,0.2431,-0.3041,0.5473,https://www.sec.gov/Archives/edgar/data/1341439/000119312521259458/d224360dex991.htm,https://www.sec.gov/Archives/edgar/data/1341439/000156459022023675/orcl-10k_20220531.htm
ORACLE CORP,ORCL,9d26d3dca510a2d7,6/15/2021,9708299aa2df4792; f15e6aa8903426d4,2021,-0.0018,-0.3424,0.3406,https://www.sec.gov/Archives/edgar/data/1341439/000156459021032994/orcl-ex991_6.htm,https://www.sec.gov/Archives/edgar/data/1341439/000156459021033616/orcl-10k_20210531.htm
ORACLE CORP,ORCL,e43c2560f2868fd7,3/10/2021,9708299aa2df4792; f15e6aa8903426d4,2021,-0.0007,-0.3424,0.3417,https://www.sec.gov/Archives/edgar/data/1341439/000156459021012058/orcl-ex991_6.htm,https://www.sec.gov/Archives/edgar/data/1341439/000156459021033616/orcl-10k_20210531.htm
ORACLE CORP,ORCL,debed6e88fcb29d7,12/10/2020,9708299aa2df4792; f15e6aa8903426d4,2021,-0.0475,-0.3424,0.2949,https://www.sec.gov/Archives/edgar/data/1341439/000156459020056722/orcl-ex991_6.htm,https://www.sec.gov/Archives/edgar/data/1341439/000156459021033616/orcl-10k_20210531.htm
ORACLE CORP,ORCL,98a96ac64a4a1924,9/10/2020,9708299aa2df4792; f15e6aa8903426d4,2021,-0.0605,-0.3424,0.2819,https://www.sec.gov/Archives/edgar/data/1341439/000156459020043143/orcl-ex991_6.htm,https://www.sec.gov/Archives/edgar/data/1341439/000156459021033616/orcl-10k_20210531.htm
ORACLE CORP,ORCL,162fcaed3f11e9eb,8/21/2020,9708299aa2df4792; f15e6aa8903426d4,2021,-0.165,-0.3424,0.1774,https://www.sec.gov/Archives/edgar/data/1341439/000119312520227084/d31885dex991.htm,https://www.sec.gov/Archives/edgar/data/1341439/000156459021033616/orcl-10k_20210531.htm
ORACLE CORP,ORCL,63806cb2ef351cc1,6/16/2020,923d2c6a00b872e9; b97a15cf70d20527,2020,-0.0689,-0.412,0.3431,https://www.sec.gov/Archives/edgar/data/1341439/000156459020029533/orcl-ex991_6.htm,https://www.sec.gov/Archives/edgar/data/1341439/000156459020030125/orcl-10k_20200531.htm
ORACLE CORP,ORCL,32b31c1c343ef3d8,3/12/2020,923d2c6a00b872e9; b97a15cf70d20527,2020,-0.0728,-0.412,0.3392,https://www.sec.gov/Archives/edgar/data/1341439/000156459020010464/orcl-ex991_6.htm,https://www.sec.gov/Archives/edgar/data/1341439/000156459020030125/orcl-10k_20200531.htm
ORACLE CORP,ORCL,a6ce5596c4ec450a,12/12/2019,923d2c6a00b872e9; b97a15cf70d20527,2020,-0.1013,-0.412,0.3107,https://www.sec.gov/Archives/edgar/data/1341439/000156459019045836/orcl-ex991_7.htm,https://www.sec.gov/Archives/edgar/data/1341439/000156459020030125/orcl-10k_20200531.htm
ORACLE CORP,ORCL,78caa8b461180c73,12/9/2019,923d2c6a00b872e9; b97a15cf70d20527,2020,0.0401,-0.412,0.4521,https://www.sec.gov/Archives/edgar/data/1341439/000119312519309214/d688356dex991.htm,https://www.sec.gov/Archives/edgar/data/1341439/000156459020030125/orcl-10k_20200531.htm
ORACLE CORP,ORCL,baca524f2f563f8e,10/18/2019,923d2c6a00b872e9; b97a15cf70d20527,2020,-0.0344,-0.412,0.3776,https://www.sec.gov/Archives/edgar/data/1341439/000119312519269943/d823419dex991.htm,https://www.sec.gov/Archives/edgar/data/1341439/000156459020030125/orcl-10k_20200531.htm
ORACLE CORP,ORCL,aa9ec1399ed3a3a6; d041c3d4d63a4604,9/11/2019,923d2c6a00b872e9; b97a15cf70d20527,2020,-0.0183,-0.412,0.3937,https://www.sec.gov/Archives/edgar/data/1341439/000156459019034522/orcl-ex991_6.htm; https://www.sec.gov/Archives/edgar/data/1341439/000156459019034522/orcl-ex992_120.htm,https://www.sec.gov/Archives/edgar/data/1341439/000156459020030125/orcl-10k_20200531.htm
ORACLE CORP,ORCL,a8fcb350c67179fe,7/31/2019,923d2c6a00b872e9; b97a15cf70d20527,2020,0.1271,-0.412,0.5391,https://www.sec.gov/Archives/edgar/data/1341439/000119312519208925/d795975dex991.htm,https://www.sec.gov/Archives/edgar/data/1341439/000156459020030125/orcl-10k_20200531.htm
ORACLE CORP,ORCL,8fb32066c0445e4b,7/10/2019,923d2c6a00b872e9; b97a15cf70d20527,2020,-0.0099,-0.412,0.4021,https://www.sec.gov/Archives/edgar/data/1341439/000119312519191922/d776427dex991.htm,https://www.sec.gov/Archives/edgar/data/1341439/000156459020030125/orcl-10k_20200531.htm
ORACLE CORP,ORCL,f5e446bfbc24f8f0,6/19/2019,544dc3b0af064235; 4fce1098bdd5b2c2,2019,0.0093,-0.3364,0.3456,https://www.sec.gov/Archives/edgar/data/1341439/000156459019022864/orcl-ex991_6.htm,https://www.sec.gov/Archives/edgar/data/1341439/000156459019023119/orcl-10k_20190531.htm
ORACLE CORP,ORCL,fab8375ebc11e27d,3/14/2019,544dc3b0af064235; 4fce1098bdd5b2c2,2019,-0.0536,-0.3364,0.2828,https://www.sec.gov/Archives/edgar/data/1341439/000156459019007818/orcl-ex991_6.htm,https://www.sec.gov/Archives/edgar/data/1341439/000156459019023119/orcl-10k_20190531.htm
ORACLE CORP,ORCL,2f5bedadc2461c3d,12/17/2018,544dc3b0af064235; 4fce1098bdd5b2c2,2019,-0.0344,-0.3364,0.302,https://www.sec.gov/Archives/edgar/data/1341439/000156459018030992/orcl-ex991_6.htm,https://www.sec.gov/Archives/edgar/data/1341439/000156459019023119/orcl-10k_20190531.htm
ORACLE CORP,ORCL,91af3623a5b28ef6,9/17/2018,544dc3b0af064235; 4fce1098bdd5b2c2,2019,-0.0147,-0.3364,0.3217,https://www.sec.gov/Archives/edgar/data/1341439/000156459018023209/orcl-ex991_6.htm,https://www.sec.gov/Archives/edgar/data/1341439/000156459019023119/orcl-10k_20190531.htm
ORACLE CORP,ORCL,e525588347f271cd,7/30/2018,544dc3b0af064235; 4fce1098bdd5b2c2,2019,-0.1885,-0.3364,0.1478,https://www.sec.gov/Archives/edgar/data/1341439/000119312518231625/d589516dex991.htm,https://www.sec.gov/Archives/edgar/data/1341439/000156459019023119/orcl-10k_20190531.htm
ORACLE CORP,ORCL,c944cad06321ca22,6/19/2018,cf57cffa521a2d04; 0dcca18b50712000,2018,0.0257,-0.2915,0.3171,https://www.sec.gov/Archives/edgar/data/1341439/000156459018015818/orcl-ex991_6.htm,https://www.sec.gov/Archives/edgar/data/1341439/000119312518201034/d568983d10k.htm
ORACLE CORP,ORCL,c8016c975bdee29d,5/11/2018,cf57cffa521a2d04; 0dcca18b50712000,2018,0.0027,-0.2915,0.2941,https://www.sec.gov/Archives/edgar/data/1341439/000119312518160979/d585930dex991.htm,https://www.sec.gov/Archives/edgar/data/1341439/000119312518201034/d568983d10k.htm
ORACLE CORP,ORCL,778e721b9977c951,3/19/2018,cf57cffa521a2d04; 0dcca18b50712000,2018,-0.0679,-0.2915,0.2236,https://www.sec.gov/Archives/edgar/data/1341439/000156459018006208/orcl-ex991_6.htm,https://www.sec.gov/Archives/edgar/data/1341439/000119312518201034/d568983d10k.htm
ORACLE CORP,ORCL,3f17ba6df6f5d16f,12/14/2017,cf57cffa521a2d04; 0dcca18b50712000,2018,-0.055,-0.2915,0.2365,https://www.sec.gov/Archives/edgar/data/1341439/000119312517369491/d506986dex991.htm,https://www.sec.gov/Archives/edgar/data/1341439/000119312518201034/d568983d10k.htm
ORACLE CORP,ORCL,da60125fa0bdeb6e,9/14/2017,cf57cffa521a2d04; 0dcca18b50712000,2018,-0.0131,-0.2915,0.2784,https://www.sec.gov/Archives/edgar/data/1341439/000119312517285108/d379846dex991.htm,https://www.sec.gov/Archives/edgar/data/1341439/000119312518201034/d568983d10k.htm
ORACLE CORP,ORCL,092af6aadaad8968,9/5/2017,cf57cffa521a2d04; 0dcca18b50712000,2018,0.0674,-0.2915,0.3589,https://www.sec.gov/Archives/edgar/data/1341439/000119312517276868/d449795dex991.htm,https://www.sec.gov/Archives/edgar/data/1341439/000119312518201034/d568983d10k.htm
ORACLE CORP,ORCL,e2dbfdcf4d03c6c6,6/21/2017,4d99f8932a980315; ba082575ab441bac,2017,-0.0946,-0.2909,0.1963,https://www.sec.gov/Archives/edgar/data/1341439/000119312517209415/d383506dex991.htm,https://www.sec.gov/Archives/edgar/data/1341439/000119312517214833/d385998d10k.htm
ORACLE CORP,ORCL,bf78ee8cc6d6a846,3/15/2017,4d99f8932a980315; ba082575ab441bac,2017,-0.0192,-0.2909,0.2716,https://www.sec.gov/Archives/edgar/data/1341439/000119312517083638/d350212dex991.htm,https://www.sec.gov/Archives/edgar/data/1341439/000119312517214833/d385998d10k.htm
ORACLE CORP,ORCL,ae6c13be8666ca5d,12/15/2016,4d99f8932a980315; ba082575ab441bac,2017,-0.0993,-0.2909,0.1916,https://www.sec.gov/Archives/edgar/data/1341439/000119312516794455/d309371dex991.htm,https://www.sec.gov/Archives/edgar/data/1341439/000119312517214833/d385998d10k.htm
ORACLE CORP,ORCL,081d7738d7ead949,9/15/2016,4d99f8932a980315; ba082575ab441bac,2017,-0.0472,-0.2909,0.2437,https://www.sec.gov/Archives/edgar/data/1341439/000119312516710982/d239177dex991.htm,https://www.sec.gov/Archives/edgar/data/1341439/000119312517214833/d385998d10k.htm
ORACLE CORP,ORCL,70954017bff2b805,9/7/2016,4d99f8932a980315; ba082575ab441bac,2017,-0.0053,-0.2909,0.2856,https://www.sec.gov/Archives/edgar/data/1341439/000119312516702358/d246757dex991.htm,https://www.sec.gov/Archives/edgar/data/1341439/000119312517214833/d385998d10k.htm
ORACLE CORP,ORCL,642e4ec9c7bd45e9; 0391d8e9a09af29e,8/1/2016,4d99f8932a980315; ba082575ab441bac,2017,-0.0304,-0.2909,0.2604,https://www.sec.gov/Archives/edgar/data/1341439/000119312516666792/d180474dex991.htm; https://www.sec.gov/Archives/edgar/data/1341439/000119312516666792/d180474dex992.htm,https://www.sec.gov/Archives/edgar/data/1341439/000119312517214833/d385998d10k.htm
ORACLE CORP,ORCL,d959ac259af11aa5,6/16/2016,8f3a6946007bd801; 5f2542b278972a23,2016,-0.017,-0.312,0.295,https://www.sec.gov/Archives/edgar/data/1341439/000119312516623620/d200599dex991.htm,https://www.sec.gov/Archives/edgar/data/1341439/000119312516628942/d203801d10k.htm
ORACLE CORP,ORCL,0bb9ca85363b8d2a,3/15/2016,8f3a6946007bd801; 5f2542b278972a23,2016,-0.1023,-0.312,0.2096,https://www.sec.gov/Archives/edgar/data/1341439/000119312516505164/d118836dex991.htm,https://www.sec.gov/Archives/edgar/data/1341439/000119312516628942/d203801d10k.htm
"Salesforce, Inc.",CRM,48bffed0fa1e7883,11/18/2025,0da1bd22b917639a; 89aae7b7d4dd9933,2026,0.3655,-0.3365,0.702,https://www.sec.gov/Archives/edgar/data/1108524/000110852425000207/ex991-infaclosingpressrele.htm,https://www.sec.gov/Archives/edgar/data/1108524/000110852426000060/crm-20260131.htm
"Salesforce, Inc.",CRM,bed002e9ad16c0e0,10/16/2025,0da1bd22b917639a; 89aae7b7d4dd9933,2026,0.2953,-0.3365,0.6318,https://www.sec.gov/Archives/edgar/data/1108524/000110852425000168/ex991-investordaypressrele.htm,https://www.sec.gov/Archives/edgar/data/1108524/000110852426000060/crm-20260131.htm
"Salesforce, Inc.",CRM,f1dc964367d70638,5/27/2025,0da1bd22b917639a; 89aae7b7d4dd9933,2026,0.2828,-0.3365,0.6193,https://www.sec.gov/Archives/edgar/data/1108524/000119312525126271/d866821dex991.htm,https://www.sec.gov/Archives/edgar/data/1108524/000110852426000060/crm-20260131.htm
"Salesforce, Inc.",CRM,c45d2fe63a0b5bff,2/5/2025,44a426a669eb0ab2; 7d2f9e43abf8c4d5,2025,0.1779,-0.3544,0.5323,https://www.sec.gov/Archives/edgar/data/1108524/000119312525020881/d926032dex991.htm,https://www.sec.gov/Archives/edgar/data/1108524/000110852425000006/crm-20250131.htm
"Salesforce, Inc.",CRM,5bce231c0a632595,9/5/2024,44a426a669eb0ab2; 7d2f9e43abf8c4d5,2025,0.303,-0.3544,0.6574,https://www.sec.gov/Archives/edgar/data/1108524/000110852424000024/a090524-ex991pressrelease.htm,https://www.sec.gov/Archives/edgar/data/1108524/000110852425000006/crm-20250131.htm
