company,period,cal_year,cal_quarter,source_type,qa_boundary,sentences,ai_sentences,ai_share,weak_only_sentences,passages
alphabet,2022_Q4,2022,4,official,cue,467,59,0.1263,2,26
alphabet,2023_Q1,2023,1,official,cue,515,69,0.134,3,36
alphabet,2023_Q2,2023,2,official,cue,508,91,0.1791,4,43
alphabet,2023_Q3,2023,3,official,cue,453,76,0.1678,2,41
alphabet,2023_Q4,2023,4,official,cue,495,93,0.1879,2,41
alphabet,2024_Q1,2024,1,official,cue,488,77,0.1578,5,34
alphabet,2024_Q2,2024,2,official,cue,499,88,0.1764,7,38
alphabet,2024_Q3,2024,3,official,cue,561,96,0.1711,11,48
alphabet,2024_Q4,2024,4,official,cue,527,95,0.1803,15,51
alphabet,2025_Q1,2025,1,official,cue,489,84,0.1718,5,31
alphabet,2025_Q2,2025,2,official,cue,509,106,0.2083,4,45
alphabet,2025_Q3,2025,3,official,cue,455,110,0.2418,6,50
alphabet,2025_Q4,2025,4,official,cue,515,124,0.2408,13,42
alphabet,2026_Q1,2026,1,official,cue,504,123,0.244,17,46
alphabet,2026_Q2,2026,2,official,cue,522,106,0.2031,26,44
amazon,2022_Q4,2022,4,whisper,cue,1077,0,0.0,1,0
amazon,2023_Q1,2023,1,whisper,cue,559,28,0.0501,4,22
amazon,2023_Q2,2023,2,whisper,cue,934,62,0.0664,4,30
amazon,2023_Q3,2023,3,whisper,cue,1010,83,0.0822,3,48
amazon,2023_Q4,2023,4,whisper,cue,1039,50,0.0481,1,34
amazon,2024_Q1,2024,1,whisper,cue,533,53,0.0994,5,27
amazon,2024_Q2,2024,2,whisper,cue,1126,56,0.0497,7,42
amazon,2024_Q3,2024,3,whisper,cue,504,55,0.1091,6,28
amazon,2024_Q4,2024,4,whisper,cue,719,72,0.1001,11,44
amazon,2025_Q1,2025,1,whisper,cue,523,54,0.1033,4,22
amazon,2025_Q2,2025,2,whisper,cue,1109,48,0.0433,10,40
amazon,2025_Q3,2025,3,whisper,cue,506,51,0.1008,3,37
amazon,2025_Q4,2025,4,whisper,cue,1309,83,0.0634,11,59
amazon,2026_Q1,2026,1,whisper,cue,1220,95,0.0779,9,68
amazon,2026_Q2,2026,2,whisper,cue,546,62,0.1136,17,36
apple,FY23_Q1,2022,4,fool,header,514,1,0.0019,0,1
apple,FY23_Q2,2023,1,caption,cue,131,4,0.0305,0,1
apple,FY23_Q3,2023,2,caption,cue,552,5,0.0091,0,3
apple,FY23_Q4,2023,3,caption,none,143,4,0.028,1,1
apple,FY24_Q1,2023,4,caption,cue,110,10,0.0909,0,6
apple,FY24_Q2,2024,1,caption,cue,112,13,0.1161,1,8
apple,FY24_Q3,2024,2,caption,cue,225,35,0.1556,0,15
apple,FY24_Q4,2024,3,fool,header,518,33,0.0637,2,24
apple,FY25_Q1,2024,4,caption,cue,106,23,0.217,0,12
apple,FY25_Q2,2025,1,caption,cue,550,24,0.0436,4,13
apple,FY25_Q3,2025,2,caption,cue,547,32,0.0585,1,22
apple,FY25_Q4,2025,3,caption,cue,605,25,0.0413,1,20
apple,FY26_Q1,2025,4,caption,cue,561,26,0.0463,2,15
apple,FY26_Q2,2026,1,caption,cue,619,22,0.0355,0,15
apple,FY26_Q3,2026,2,caption,cue,595,40,0.0672,1,23
meta,2022_Q4,2022,4,official,cue,520,33,0.0635,7,23
meta,2023_Q1,2023,1,official,cue,498,54,0.1084,4,31
meta,2023_Q2,2023,2,official,cue,498,63,0.1265,3,40
meta,2023_Q3,2023,3,official,cue,480,58,0.1208,6,33
meta,2023_Q4,2023,4,official,cue,479,70,0.1461,4,37
meta,2024_Q1,2024,1,official,cue,459,85,0.1852,2,41
meta,2024_Q2,2024,2,official,cue,478,97,0.2029,7,39
meta,2024_Q3,2024,3,official,cue,457,74,0.1619,2,33
meta,2024_Q4,2024,4,official,cue,474,77,0.1624,12,40
meta,2025_Q1,2025,1,official,cue,467,95,0.2034,5,45
meta,2025_Q2,2025,2,official,cue,463,71,0.1533,6,37
meta,2025_Q3,2025,3,official,cue,457,58,0.1269,10,33
meta,2025_Q4,2025,4,official,cue,489,54,0.1104,9,35
meta,2026_Q1,2026,1,official,cue,493,60,0.1217,9,39
meta,2026_Q2,2026,2,official,cue,518,55,0.1062,9,36
microsoft,FY23_Q2,2022,4,official,cue,498,44,0.0884,1,17
microsoft,FY23_Q3,2023,1,official,cue,479,76,0.1587,0,38
microsoft,FY23_Q4,2023,2,official,cue,529,100,0.189,2,48
microsoft,FY24_Q1,2023,3,official,cue,488,83,0.1701,1,42
microsoft,FY24_Q2,2023,4,official,cue,531,108,0.2034,2,47
microsoft,FY24_Q3,2024,1,official,cue,515,109,0.2117,3,44
microsoft,FY24_Q4,2024,2,official,cue,518,90,0.1737,4,41
microsoft,FY25_Q1,2024,3,official,cue,536,119,0.222,14,47
microsoft,FY25_Q2,2024,4,official,cue,512,112,0.2188,13,53
microsoft,FY25_Q3,2025,1,official,cue,497,91,0.1831,8,48
microsoft,FY25_Q4,2025,2,official,cue,468,84,0.1795,6,39
microsoft,FY26_Q1,2025,3,official,cue,521,99,0.19,8,39
microsoft,FY26_Q2,2025,4,official,cue,494,85,0.1721,14,43
microsoft,FY26_Q3,2026,1,official,cue,517,91,0.176,6,41
microsoft,FY26_Q4,2026,2,official,cue,530,71,0.134,11,41
nvidia,FY23_Q4,2022,4,fool,header,487,86,0.1766,43,42
nvidia,FY24_Q1,2023,1,fool,header,524,98,0.187,76,43
nvidia,FY24_Q2,2023,2,fool,header,470,98,0.2085,67,39
nvidia,FY24_Q3,2023,3,fool,header,543,143,0.2634,61,45
nvidia,FY24_Q4,2023,4,caption,cue,605,116,0.1917,65,39
nvidia,FY25_Q1,2024,1,fool,header,486,86,0.177,91,25
nvidia,FY25_Q2,2024,2,fool,header,552,92,0.1667,111,41
nvidia,FY25_Q3,2024,3,fool,header,521,100,0.1919,96,37
nvidia,FY25_Q4,2024,4,fool,header,514,95,0.1848,79,42
nvidia,FY26_Q1,2025,1,official,cue,586,115,0.1962,46,43
nvidia,FY26_Q2,2025,2,official,cue,580,90,0.1552,64,45
nvidia,FY26_Q3,2025,3,official,cue,623,99,0.1589,62,42
nvidia,FY26_Q4,2025,4,official,cue,649,86,0.1325,58,43
nvidia,FY27_Q1,2026,1,official,cue,643,102,0.1586,50,57
nvidia,FY27_Q2,2026,2,official,cue,599,76,0.1269,27,41
tesla,2022_Q4,2022,4,fool,cue,554,11,0.0199,24,6
tesla,2023_Q1,2023,1,caption,cue,128,3,0.0234,14,2
tesla,2023_Q2,2023,2,fool,cue,585,15,0.0256,42,13
tesla,2023_Q3,2023,3,fool,cue,530,10,0.0189,23,8
tesla,2023_Q4,2023,4,fool,cue,584,18,0.0308,29,13
tesla,2024_Q1,2024,1,fool,cue,648,23,0.0355,47,19
tesla,2024_Q2,2024,2,fool,cue,550,19,0.0345,70,14
tesla,2024_Q3,2024,3,fool,cue,602,24,0.0399,34,17
tesla,2024_Q4,2024,4,fool,cue,586,19,0.0324,72,11
tesla,2025_Q1,2025,1,caption,cue,819,14,0.0171,30,10
tesla,2025_Q2,2025,2,caption,cue,560,28,0.05,49,17
tesla,2025_Q3,2025,3,caption,cue,615,54,0.0878,52,28
tesla,2025_Q4,2025,4,caption,cue,540,24,0.0444,45,18
tesla,2026_Q1,2026,1,caption,cue,514,28,0.0545,59,17
tesla,2026_Q2,2026,2,caption,cue,578,25,0.0433,54,16
