company,ticker,period_label,calendar_year,calendar_quarter,fiscal_or_calendar_label,expected_call_window,call_date,call_date_source,raw_file_path,source_url,source_type,availability_status,acquisition_status,parser_status,parser_format,parser_flags,total_units,notes
alphabet,GOOGL,2021_Q4,2021,4,Q4 2021 (calendar),2022-01-14..2022-03-01,,,,https://abc.xyz/assets/investor/static/pdf/2021_Q4_Earnings_Transcript.pdf,official_ir_transcript_pdf,archived_official_copy_only,awaiting_human_source_decision,not_parsed,,,,Official PDF URL now redirects to the IR site map; not in the current IR event feed (starts 2022 Q1). archive.org holds a 2024-07-16 capture of the official PDF; using it needs approval.
alphabet,GOOGL,2022_Q1,2022,1,Q1 2022 (calendar),2022-04-14..2022-05-30,2022-04-26,transcript_text,earnings_calls/alphabet/alphabet_2022_Q1.md,https://s206.q4cdn.com/479360582/files/doc_financials/2022/q1/2022_Q1_Earnings_Transcript.pdf,official_ir_transcript_pdf,acquired_official_ir_text,acquired,parsed_ok,alphabet,,456,Gate 2: retrieved 2026-10-06 from company IR; see ACQUISITION_LOG.md
alphabet,GOOGL,2022_Q2,2022,2,Q2 2022 (calendar),2022-07-14..2022-08-29,2022-07-26,transcript_text,earnings_calls/alphabet/alphabet_2022_Q2.md,https://s206.q4cdn.com/479360582/files/doc_financials/2022/q2/2022_Q2_Earnings_Transcript.pdf,official_ir_transcript_pdf,acquired_official_ir_text,acquired,parsed_ok,alphabet,,485,Gate 2: retrieved 2026-10-06 from company IR; see ACQUISITION_LOG.md
alphabet,GOOGL,2022_Q3,2022,3,Q3 2022 (calendar),2022-10-14..2022-11-29,2022-10-25,transcript_text,earnings_calls/alphabet/alphabet_2022_Q3.md,https://s206.q4cdn.com/479360582/files/doc_financials/2022/q3/2022_Q3_Earnings_Transcript.pdf,official_ir_transcript_pdf,acquired_official_ir_text,acquired,parsed_ok,alphabet,,475,Gate 2: retrieved 2026-10-06 from company IR; see ACQUISITION_LOG.md
alphabet,GOOGL,2022_Q4,2022,4,Q4 2022 (calendar),2023-01-14..2023-03-01,2023-02-02,transcript_text,earnings_calls/alphabet/alphabet_2022_Q4.md,https://s206.q4cdn.com/479360582/files/doc_financials/2022/q4/2022_Q4_Earnings_Transcript.pdf,official_ir_transcript_pdf,present_in_repo,already_present,parsed_ok,alphabet,,468,
alphabet,GOOGL,2023_Q1,2023,1,Q1 2023 (calendar),2023-04-14..2023-05-30,2023-04-25,transcript_text,earnings_calls/alphabet/alphabet_2023_Q1.md,https://s206.q4cdn.com/479360582/files/doc_financials/2023/q1/2023_Q1_Earnings_Transcript.pdf,official_ir_transcript_pdf,present_in_repo,already_present,parsed_ok,alphabet,,516,
alphabet,GOOGL,2023_Q2,2023,2,Q2 2023 (calendar),2023-07-14..2023-08-29,2023-07-25,transcript_text,earnings_calls/alphabet/alphabet_2023_Q2.md,https://s206.q4cdn.com/479360582/files/doc_financials/2023/q2/2023-q2-earnings-transcript.pdf,official_ir_transcript_pdf,present_in_repo,already_present,parsed_ok,alphabet,,509,
alphabet,GOOGL,2023_Q3,2023,3,Q3 2023 (calendar),2023-10-14..2023-11-29,,not_stated_in_source_file,earnings_calls/alphabet/alphabet_2023_Q3.md,https://s206.q4cdn.com/479360582/files/doc_financials/2023/q3/2023-q3-earnings-transcript.pdf,official_ir_transcript_pdf,present_in_repo,already_present,parsed_ok,alphabet,,453,
alphabet,GOOGL,2023_Q4,2023,4,Q4 2023 (calendar),2024-01-14..2024-02-29,,not_stated_in_source_file,earnings_calls/alphabet/alphabet_2023_Q4.md,https://s206.q4cdn.com/479360582/files/doc_financials/2023/q4/2023-q4-earnings-transcript.pdf,official_ir_transcript_pdf,present_in_repo,already_present,parsed_ok,alphabet,,496,
alphabet,GOOGL,2024_Q1,2024,1,Q1 2024 (calendar),2024-04-14..2024-05-30,,not_stated_in_source_file,earnings_calls/alphabet/alphabet_2024_Q1.md,https://s206.q4cdn.com/479360582/files/doc_financials/2024/q1/2024-q1-earnings-transcript.pdf,official_ir_transcript_pdf,present_in_repo,already_present,parsed_ok,alphabet,,488,
alphabet,GOOGL,2024_Q2,2024,2,Q2 2024 (calendar),2024-07-14..2024-08-29,,not_stated_in_source_file,earnings_calls/alphabet/alphabet_2024_Q2.md,https://s206.q4cdn.com/479360582/files/doc_financials/2024/q2/2024-q2-earnings-transcript.pdf,official_ir_transcript_pdf,present_in_repo,already_present,parsed_ok,alphabet,,496,
alphabet,GOOGL,2024_Q3,2024,3,Q3 2024 (calendar),2024-10-14..2024-11-29,,not_stated_in_source_file,earnings_calls/alphabet/alphabet_2024_Q3.md,https://s206.q4cdn.com/479360582/files/doc_financials/2024/q3/2024-q3-earnings-transcript.pdf,official_ir_transcript_pdf,present_in_repo,already_present,parsed_ok,alphabet,,558,
alphabet,GOOGL,2024_Q4,2024,4,Q4 2024 (calendar),2025-01-14..2025-03-01,,not_stated_in_source_file,earnings_calls/alphabet/alphabet_2024_Q4.md,https://s206.q4cdn.com/479360582/files/doc_financials/2024/q4/2024-q4-earnings-transcript.pdf,official_ir_transcript_pdf,present_in_repo,already_present,parsed_ok,alphabet,,527,
alphabet,GOOGL,2025_Q1,2025,1,Q1 2025 (calendar),2025-04-14..2025-05-30,,not_stated_in_source_file,earnings_calls/alphabet/alphabet_2025_Q1.md,https://s206.q4cdn.com/479360582/files/doc_financials/2025/q1/2025-q1-earnings-transcript.pdf,official_ir_transcript_pdf,present_in_repo,already_present,parsed_ok,alphabet,,488,
alphabet,GOOGL,2025_Q2,2025,2,Q2 2025 (calendar),2025-07-14..2025-08-29,,not_stated_in_source_file,earnings_calls/alphabet/alphabet_2025_Q2.md,https://s206.q4cdn.com/479360582/files/doc_financials/2025/q2/2025-q2-earnings-transcript.pdf,official_ir_transcript_pdf,present_in_repo,already_present,parsed_ok,alphabet,,508,
alphabet,GOOGL,2025_Q3,2025,3,Q3 2025 (calendar),2025-10-14..2025-11-29,,not_stated_in_source_file,earnings_calls/alphabet/alphabet_2025_Q3.md,https://s206.q4cdn.com/479360582/files/doc_events/2025/Oct/29/2025_Q3_Earnings_Transcript.pdf,official_ir_transcript_pdf,present_in_repo,already_present,parsed_ok,alphabet,,453,
alphabet,GOOGL,2025_Q4,2025,4,Q4 2025 (calendar),2026-01-14..2026-03-01,,not_stated_in_source_file,earnings_calls/alphabet/alphabet_2025_Q4.md,https://s206.q4cdn.com/479360582/files/doc_events/2026/Feb/04/2025_Q4_Earnings_Transcript.pdf,official_ir_transcript_pdf,present_in_repo,already_present,parsed_ok,alphabet,,515,
alphabet,GOOGL,2026_Q1,2026,1,Q1 2026 (calendar),2026-04-14..2026-05-30,,not_stated_in_source_file,earnings_calls/alphabet/alphabet_2026_Q1.md,https://s206.q4cdn.com/479360582/files/doc_events/2026/Apr/29/Alphabet-2026_Q1_Earnings_Transcript.pdf,official_ir_transcript_pdf,present_in_repo,already_present,parsed_ok,alphabet,,504,
alphabet,GOOGL,2026_Q2,2026,2,Q2 2026 (calendar),2026-07-14..2026-08-29,,not_stated_in_source_file,earnings_calls/alphabet/alphabet_2026_Q2.md,https://s206.q4cdn.com/479360582/files/doc_events/2026/Jul/22/2026_Q2_Earnings_Transcript.pdf,official_ir_transcript_pdf,present_in_repo,already_present,parsed_ok,alphabet,,523,
amazon,AMZN,2021_Q4,2021,4,Q4 2021 (calendar),2022-01-14..2022-03-01,,,,https://s2.q4cdn.com/299287126/files/doc_financials/2021/q4/Amazon-Quarterly-Earnings-Report-Q4-2021-Full-Call-v1.wav,official_ir_audio,official_ir_audio_only,awaiting_human_source_decision,not_parsed,,,,"IR call audio verified (HTTP 200, 665 MB wav). No text transcript. Matching the existing Amazon files needs local faster-whisper small.en, which is not installed."
amazon,AMZN,2022_Q1,2022,1,Q1 2022 (calendar),2022-04-14..2022-05-30,,,,https://s2.q4cdn.com/299287126/files/doc_financials/2022/q1/Amazon-Quarterly-Earnings-Report-Q1-2022-Full-Call-v1.mp3,official_ir_audio,official_ir_audio_only,awaiting_human_source_decision,not_parsed,,,,"IR call audio verified (HTTP 200, 48 MB mp3). No text transcript; needs local Whisper transcription."
amazon,AMZN,2022_Q2,2022,2,Q2 2022 (calendar),2022-07-14..2022-08-29,,,,https://s2.q4cdn.com/299287126/files/doc_financials/2022/q2/Amazon-Quarterly-Earnings-Report-Q2-2022-Full-Call-v1.mp3,official_ir_audio,official_ir_audio_only,awaiting_human_source_decision,not_parsed,,,,"IR call audio verified (HTTP 200, 93 MB mp3). No text transcript; needs local Whisper transcription."
amazon,AMZN,2022_Q3,2022,3,Q3 2022 (calendar),2022-10-14..2022-11-29,,,,https://s2.q4cdn.com/299287126/files/doc_financials/2022/q3/Amazon-Quarterly-Earnings-Call-Q3-2022-Full-Call-v2.wav,official_ir_audio,official_ir_audio_only,awaiting_human_source_decision,not_parsed,,,,"IR call audio verified (HTTP 200, 540 MB wav). No text transcript; needs local Whisper transcription."
amazon,AMZN,2022_Q4,2022,4,Q4 2022 (calendar),2023-01-14..2023-03-01,2023-02-02,transcript_text,earnings_calls/amazon/amazon_2022_Q4.md,https://s2.q4cdn.com/299287126/files/doc_financials/2022/q4/Amazon-Quarterly-Earnings-Call-Q4-2022-Full-Call-v1.mp3,machine_transcript_whisper_of_official_ir_audio,present_in_repo,already_present,parsed_with_flags,captions,"machine transcript (Whisper), no speaker labels; 381 units, outside the typical 400-900",381,
amazon,AMZN,2023_Q1,2023,1,Q1 2023 (calendar),2023-04-14..2023-05-30,,not_stated_in_source_file,earnings_calls/amazon/amazon_2023_Q1.md,https://s2.q4cdn.com/299287126/files/doc_financials/2023/q1/Amazon-Quarterly-Earnings-Report-Q1-2023-Full-Call-v1.mp3,machine_transcript_whisper_of_official_ir_audio,present_in_repo,already_present,parsed_with_flags,captions,"machine transcript (Whisper), no speaker labels",546,
amazon,AMZN,2023_Q2,2023,2,Q2 2023 (calendar),2023-07-14..2023-08-29,,not_stated_in_source_file,earnings_calls/amazon/amazon_2023_Q2.md,https://s2.q4cdn.com/299287126/files/doc_financials/2023/q2/Amazon-Quarterly-Earnings-Report-Q2-2023-Full-Call-v1.mp3,machine_transcript_whisper_of_official_ir_audio,present_in_repo,already_present,parsed_with_flags,captions,"machine transcript (Whisper), no speaker labels; call opening not detected: source may start mid-call; 364 units, outside the typical 400-900",364,
amazon,AMZN,2023_Q3,2023,3,Q3 2023 (calendar),2023-10-14..2023-11-29,2023-10-26,transcript_text,earnings_calls/amazon/amazon_2023_Q3.md,https://s2.q4cdn.com/299287126/files/doc_financials/2023/q3/Amazon-_-Quarterly-Earnings-Call-2023-Q3-2.mp3,machine_transcript_whisper_of_official_ir_audio,present_in_repo,already_present,parsed_with_flags,captions,"machine transcript (Whisper), no speaker labels; 392 units, outside the typical 400-900",392,
amazon,AMZN,2023_Q4,2023,4,Q4 2023 (calendar),2024-01-14..2024-02-29,,not_stated_in_source_file,earnings_calls/amazon/amazon_2023_Q4.md,https://s2.q4cdn.com/299287126/files/doc_financials/2023/q4/Amazon-Earnings-Call-Q4-2023-Full-Call-v1.wav,machine_transcript_whisper_of_official_ir_audio,present_in_repo,already_present,parsed_with_flags,captions,"machine transcript (Whisper), no speaker labels",442,
amazon,AMZN,2024_Q1,2024,1,Q1 2024 (calendar),2024-04-14..2024-05-30,,not_stated_in_source_file,earnings_calls/amazon/amazon_2024_Q1.md,https://s2.q4cdn.com/299287126/files/doc_financials/2024/q1/Amazon-Earnings-Call-Q1-2024-Full-Call-v1.wav,machine_transcript_whisper_of_official_ir_audio,present_in_repo,already_present,parsed_with_flags,captions,"machine transcript (Whisper), no speaker labels",457,
amazon,AMZN,2024_Q2,2024,2,Q2 2024 (calendar),2024-07-14..2024-08-29,2024-08-01,transcript_text,earnings_calls/amazon/amazon_2024_Q2.md,https://s2.q4cdn.com/299287126/files/doc_financials/2024/q2/Amazon-Earnings-Call-Q2-2024-Full-Call-v1.wav,machine_transcript_whisper_of_official_ir_audio,present_in_repo,already_present,parsed_with_flags,captions,"machine transcript (Whisper), no speaker labels",409,
amazon,AMZN,2024_Q3,2024,3,Q3 2024 (calendar),2024-10-14..2024-11-29,,not_stated_in_source_file,earnings_calls/amazon/amazon_2024_Q3.md,https://s2.q4cdn.com/299287126/files/doc_financials/2024/q3/Amazon-Quarterly-Earnings-Report-Q3-2024-Full-Call-v2.wav,machine_transcript_whisper_of_official_ir_audio,present_in_repo,already_present,parsed_with_flags,captions,"machine transcript (Whisper), no speaker labels",411,
amazon,AMZN,2024_Q4,2024,4,Q4 2024 (calendar),2025-01-14..2025-03-01,2025-02-06,transcript_text,earnings_calls/amazon/amazon_2024_Q4.md,https://ir.aboutamazon.com/files/doc_financials/2024/q4/Amazon-Quarterly-Earnings-Report-Q4-2024-Full-Call-v1.wav,machine_transcript_whisper_of_official_ir_audio,present_in_repo,already_present,parsed_with_flags,captions,"machine transcript (Whisper), no speaker labels; 384 units, outside the typical 400-900",384,
amazon,AMZN,2025_Q1,2025,1,Q1 2025 (calendar),2025-04-14..2025-05-30,2025-05-01,transcript_text,earnings_calls/amazon/amazon_2025_Q1.md,https://s2.q4cdn.com/299287126/files/doc_financials/2025/q1/Amazon-Quarterly-Earnings-Report-Q1-2025-Full-Call.mp3,machine_transcript_whisper_of_official_ir_audio,present_in_repo,already_present,parsed_with_flags,captions,"machine transcript (Whisper), no speaker labels",444,
amazon,AMZN,2025_Q2,2025,2,Q2 2025 (calendar),2025-07-14..2025-08-29,2025-07-31,transcript_text,earnings_calls/amazon/amazon_2025_Q2.md,https://s2.q4cdn.com/299287126/files/doc_financials/2025/q2/Amazon-Quarterly-Earnings-Report-Q2-2025-Full-Call.mp3,machine_transcript_whisper_of_official_ir_audio,present_in_repo,already_present,parsed_with_flags,captions,"machine transcript (Whisper), no speaker labels",492,
amazon,AMZN,2025_Q3,2025,3,Q3 2025 (calendar),2025-10-14..2025-11-29,2025-10-30,transcript_text,earnings_calls/amazon/amazon_2025_Q3.md,https://s2.q4cdn.com/299287126/files/doc_financials/2025/q3/Amazon-Quarterly-Earnings-Report-Q3-2025-Full-Call-v1.mp3,machine_transcript_whisper_of_official_ir_audio,present_in_repo,already_present,parsed_with_flags,captions,"machine transcript (Whisper), no speaker labels",451,
amazon,AMZN,2025_Q4,2025,4,Q4 2025 (calendar),2026-01-14..2026-03-01,2026-02-05,transcript_text,earnings_calls/amazon/amazon_2025_Q4.md,https://s2.q4cdn.com/299287126/files/doc_financials/2025/q4/Amazon-Quarterly-Earnings-Report-Q4-2025-Full-Call-v1.mp3,machine_transcript_whisper_of_official_ir_audio,present_in_repo,already_present,parsed_with_flags,captions,"machine transcript (Whisper), no speaker labels",522,
amazon,AMZN,2026_Q1,2026,1,Q1 2026 (calendar),2026-04-14..2026-05-30,2026-04-29,transcript_text,earnings_calls/amazon/amazon_2026_Q1.md,https://s2.q4cdn.com/299287126/files/doc_financials/2026/q1/generic/Amazon-Quarterly-Earnings-Report-Q1-2026-Full-Call.mp3,machine_transcript_whisper_of_official_ir_audio,present_in_repo,already_present,parsed_with_flags,captions,"machine transcript (Whisper), no speaker labels",425,
amazon,AMZN,2026_Q2,2026,2,Q2 2026 (calendar),2026-07-14..2026-08-29,,not_stated_in_source_file,earnings_calls/amazon/amazon_2026_Q2.md,https://s2.q4cdn.com/299287126/files/doc_financials/2026/q2/Amazon-Quarterly-Earnings-Report-Q2-2026-Full-Call-v1.mp3,machine_transcript_whisper_of_official_ir_audio,present_in_repo,already_present,parsed_with_flags,captions,"machine transcript (Whisper), no speaker labels",427,
apple,AAPL,FY22_Q1,2021,4,FY22 Q1 (fiscal; FY ends last Saturday of September),2022-01-14..2022-03-01,2022-01-27,company_ir_event_listing,,https://investor.apple.com/feed/Event.svc/GetEventList (event listed; press release only),none,no_public_company_source,unavailable_public_source,not_parsed,,,,"Apple IR lists the event with only a press-release link; webcast link is the generic live page, no archived audio or transcript. Only third-party sources exist (not permitted without approval)."
apple,AAPL,FY22_Q2,2022,1,FY22 Q2 (fiscal; FY ends last Saturday of September),2022-04-14..2022-05-30,2022-04-28,company_ir_event_listing,,https://investor.apple.com/feed/Event.svc/GetEventList (event listed; press release only),none,no_public_company_source,unavailable_public_source,not_parsed,,,,"Apple IR lists the event with only a press-release link; webcast link is the generic live page, no archived audio or transcript. Only third-party sources exist (not permitted without approval)."
apple,AAPL,FY22_Q3,2022,2,FY22 Q3 (fiscal; FY ends last Saturday of September),2022-07-14..2022-08-29,2022-07-28,company_ir_event_listing,,https://investor.apple.com/feed/Event.svc/GetEventList (event listed; press release only),none,no_public_company_source,unavailable_public_source,not_parsed,,,,"Apple IR lists the event with only a press-release link; webcast link is the generic live page, no archived audio or transcript. Only third-party sources exist (not permitted without approval)."
apple,AAPL,FY22_Q4,2022,3,FY22 Q4 (fiscal; FY ends last Saturday of September),2022-10-14..2022-11-29,2022-10-27,company_ir_event_listing,,https://investor.apple.com/feed/Event.svc/GetEventList (event listed; press release only),none,no_public_company_source,unavailable_public_source,not_parsed,,,,"Apple IR lists the event with only a press-release link; webcast link is the generic live page, no archived audio or transcript. Only third-party sources exist (not permitted without approval)."
apple,AAPL,FY23_Q1,2022,4,FY23 Q1 (fiscal; FY ends last Saturday of September),2023-01-14..2023-03-01,,not_stated_in_source_file,earnings_calls/apple/apple_FY23_Q1.md,https://www.fool.com/earnings/call-transcripts/2023/02/02/apple-aapl-q1-2023-earnings-call-transcript/,third_party_transcript_motley_fool,present_in_repo,already_present,parsed_ok,fool,,512,
apple,AAPL,FY23_Q2,2023,1,FY23 Q2 (fiscal; FY ends last Saturday of September),2023-04-14..2023-05-30,,not_stated_in_source_file,earnings_calls/apple/apple_FY23_Q2.md,https://youtu.be/Anzn-ugjoWI,youtube_auto_captions,present_in_repo,already_present,parsed_with_flags,captions,"YouTube auto-captions, no speaker labels; 14 pre-call livestream segments dropped; unpunctuated captions: units are ~30s caption segments, not sentences; 117 units, outside the typical 400-900",117,
apple,AAPL,FY23_Q3,2023,2,FY23 Q3 (fiscal; FY ends last Saturday of September),2023-07-14..2023-08-29,,not_stated_in_source_file,earnings_calls/apple/apple_FY23_Q3.md,https://youtu.be/ZYgo6Tu8vcQ,youtube_auto_captions,present_in_repo,already_present,parsed_with_flags,captions,"YouTube auto-captions, no speaker labels",469,
apple,AAPL,FY23_Q4,2023,3,FY23 Q4 (fiscal; FY ends last Saturday of September),2023-10-14..2023-11-29,,not_stated_in_source_file,earnings_calls/apple/apple_FY23_Q4.md,https://youtu.be/ZPddAyv0M6o,youtube_auto_captions,present_in_repo,already_present,parsed_with_flags,captions,"YouTube auto-captions, no speaker labels; 28 pre-call livestream segments dropped; unpunctuated captions: units are ~30s caption segments, not sentences; 116 units, outside the typical 400-900",116,
apple,AAPL,FY24_Q1,2023,4,FY24 Q1 (fiscal; FY ends last Saturday of September),2024-01-14..2024-02-29,,not_stated_in_source_file,earnings_calls/apple/apple_FY24_Q1.md,https://youtu.be/8mcKFPWUX0E,youtube_auto_captions,present_in_repo,already_present,parsed_with_flags,captions,"YouTube auto-captions, no speaker labels; unpunctuated captions: units are ~30s caption segments, not sentences; 110 units, outside the typical 400-900",110,
apple,AAPL,FY24_Q2,2024,1,FY24 Q2 (fiscal; FY ends last Saturday of September),2024-04-14..2024-05-30,,not_stated_in_source_file,earnings_calls/apple/apple_FY24_Q2.md,https://youtu.be/UCb008bIdeQ,youtube_auto_captions,present_in_repo,already_present,parsed_with_flags,captions,"YouTube auto-captions, no speaker labels; unpunctuated captions: units are ~30s caption segments, not sentences; 111 units, outside the typical 400-900",111,
apple,AAPL,FY24_Q3,2024,2,FY24 Q3 (fiscal; FY ends last Saturday of September),2024-07-14..2024-08-29,,not_stated_in_source_file,earnings_calls/apple/apple_FY24_Q3.md,https://youtu.be/M1vCAca5aJ8,youtube_auto_captions,present_in_repo,already_present,parsed_with_flags,captions,"YouTube auto-captions, no speaker labels; 121 pre-call livestream segments dropped; unpunctuated captions: units are ~30s caption segments, not sentences; 113 units, outside the typical 400-900",113,
apple,AAPL,FY24_Q4,2024,3,FY24 Q4 (fiscal; FY ends last Saturday of September),2024-10-14..2024-11-29,,not_stated_in_source_file,earnings_calls/apple/apple_FY24_Q4.md,https://www.fool.com/earnings/call-transcripts/2024/10/31/apple-aapl-q4-2024-earnings-call-transcript/,third_party_transcript_motley_fool,present_in_repo,already_present,parsed_ok,fool,,512,
apple,AAPL,FY25_Q1,2024,4,FY25 Q1 (fiscal; FY ends last Saturday of September),2025-01-14..2025-03-01,,not_stated_in_source_file,earnings_calls/apple/apple_FY25_Q1.md,https://youtu.be/DCP8UZ6Cfp0,youtube_auto_captions,present_in_repo,already_present,parsed_with_flags,captions,"YouTube auto-captions, no speaker labels; unpunctuated captions: units are ~30s caption segments, not sentences; 107 units, outside the typical 400-900",107,
apple,AAPL,FY25_Q2,2025,1,FY25 Q2 (fiscal; FY ends last Saturday of September),2025-04-14..2025-05-30,,not_stated_in_source_file,earnings_calls/apple/apple_FY25_Q2.md,https://youtu.be/PgTTJDzPADA,youtube_auto_captions,present_in_repo,already_present,parsed_with_flags,captions,"YouTube auto-captions, no speaker labels",473,
apple,AAPL,FY25_Q3,2025,2,FY25 Q3 (fiscal; FY ends last Saturday of September),2025-07-14..2025-08-29,,not_stated_in_source_file,earnings_calls/apple/apple_FY25_Q3.md,https://youtu.be/5eejMVdJsv4,youtube_auto_captions,present_in_repo,already_present,parsed_with_flags,captions,"YouTube auto-captions, no speaker labels",480,
apple,AAPL,FY25_Q4,2025,3,FY25 Q4 (fiscal; FY ends last Saturday of September),2025-10-14..2025-11-29,,not_stated_in_source_file,earnings_calls/apple/apple_FY25_Q4.md,https://youtu.be/j2se-TYG3hw,youtube_auto_captions,present_in_repo,already_present,parsed_with_flags,captions,"YouTube auto-captions, no speaker labels",531,
apple,AAPL,FY26_Q1,2025,4,FY26 Q1 (fiscal; FY ends last Saturday of September),2026-01-14..2026-03-01,,not_stated_in_source_file,earnings_calls/apple/apple_FY26_Q1.md,https://youtu.be/w3L3b_M8LEo,youtube_auto_captions,present_in_repo,already_present,parsed_with_flags,captions,"YouTube auto-captions, no speaker labels",483,
apple,AAPL,FY26_Q2,2026,1,FY26 Q2 (fiscal; FY ends last Saturday of September),2026-04-14..2026-05-30,,not_stated_in_source_file,earnings_calls/apple/apple_FY26_Q2.md,https://youtu.be/ZX0HuHkJ74U,youtube_auto_captions,present_in_repo,already_present,parsed_with_flags,captions,"YouTube auto-captions, no speaker labels",530,
apple,AAPL,FY26_Q3,2026,2,FY26 Q3 (fiscal; FY ends last Saturday of September),2026-07-14..2026-08-29,,not_stated_in_source_file,earnings_calls/apple/apple_FY26_Q3.md,https://youtu.be/oFNfp4xIkV0,youtube_auto_captions,present_in_repo,already_present,parsed_with_flags,captions,"YouTube auto-captions, no speaker labels",510,
meta,META,2021_Q4,2021,4,Q4 2021 (calendar),2022-01-14..2022-03-01,2022-02-02,transcript_text,earnings_calls/meta/meta_2021_Q4.md,https://s21.q4cdn.com/399680738/files/doc_financials/2021/q4/Meta-Q4-2021-Earnings-Call-Transcript.pdf,official_ir_transcript_pdf,acquired_official_ir_text,acquired,parsed_ok,meta,,513,Gate 2: retrieved 2026-10-06 from company IR; see ACQUISITION_LOG.md
meta,META,2022_Q1,2022,1,Q1 2022 (calendar),2022-04-14..2022-05-30,2022-04-27,transcript_text,earnings_calls/meta/meta_2022_Q1.md,https://s21.q4cdn.com/399680738/files/doc_financials/2022/q1/Meta-Q1-2022-Earnings-Call-Transcript.pdf,official_ir_transcript_pdf,acquired_official_ir_text,acquired,parsed_ok,meta,,517,Gate 2: retrieved 2026-10-06 from company IR; see ACQUISITION_LOG.md
meta,META,2022_Q2,2022,2,Q2 2022 (calendar),2022-07-14..2022-08-29,2022-07-27,transcript_text,earnings_calls/meta/meta_2022_Q2.md,https://s21.q4cdn.com/399680738/files/doc_financials/2022/q2/Meta-Q2-2022-Earnings-Call-Transcript.pdf,official_ir_transcript_pdf,acquired_official_ir_text,acquired,parsed_ok,meta,,559,Gate 2: retrieved 2026-10-06 from company IR; see ACQUISITION_LOG.md
meta,META,2022_Q3,2022,3,Q3 2022 (calendar),2022-10-14..2022-11-29,2022-10-26,transcript_text,earnings_calls/meta/meta_2022_Q3.md,https://s21.q4cdn.com/399680738/files/doc_financials/2022/q3/Meta-Q3-2022-Earnings-Call-Transcript.pdf,official_ir_transcript_pdf,acquired_official_ir_text,acquired,parsed_ok,meta,,464,Gate 2: retrieved 2026-10-06 from company IR; see ACQUISITION_LOG.md
meta,META,2022_Q4,2022,4,Q4 2022 (calendar),2023-01-14..2023-03-01,2023-02-01,transcript_text,earnings_calls/meta/meta_2022_Q4.md,https://s21.q4cdn.com/399680738/files/doc_financials/2022/q4/META-Q4-2022-Earnings-Call-Transcript.pdf,official_ir_transcript_pdf,present_in_repo,already_present,parsed_ok,meta,,509,
meta,META,2023_Q1,2023,1,Q1 2023 (calendar),2023-04-14..2023-05-30,2023-04-26,transcript_text,earnings_calls/meta/meta_2023_Q1.md,https://s21.q4cdn.com/399680738/files/doc_financials/2023/q1/META-Q1-2023-Earnings-Call-Transcript.pdf,official_ir_transcript_pdf,present_in_repo,already_present,parsed_ok,meta,,487,
meta,META,2023_Q2,2023,2,Q2 2023 (calendar),2023-07-14..2023-08-29,2023-07-26,transcript_text,earnings_calls/meta/meta_2023_Q2.md,https://s21.q4cdn.com/399680738/files/doc_financials/2023/q2/META-Q2-2023-Earnings-Call-Transcript.pdf,official_ir_transcript_pdf,present_in_repo,already_present,parsed_ok,meta,,497,
meta,META,2023_Q3,2023,3,Q3 2023 (calendar),2023-10-14..2023-11-29,2023-10-25,transcript_text,earnings_calls/meta/meta_2023_Q3.md,https://s21.q4cdn.com/399680738/files/doc_earnings/2023/q3/transcript/META-Q3-2023-Earnings-Call-Transcript.pdf,official_ir_transcript_pdf,present_in_repo,already_present,parsed_ok,meta,,471,
meta,META,2023_Q4,2023,4,Q4 2023 (calendar),2024-01-14..2024-02-29,2024-02-01,transcript_text,earnings_calls/meta/meta_2023_Q4.md,https://s21.q4cdn.com/399680738/files/doc_financials/2023/q4/META-Q4-2023-Earnings-Call-Transcript.pdf,official_ir_transcript_pdf,present_in_repo,already_present,parsed_ok,meta,,467,
meta,META,2024_Q1,2024,1,Q1 2024 (calendar),2024-04-14..2024-05-30,2024-04-24,transcript_text,earnings_calls/meta/meta_2024_Q1.md,https://s21.q4cdn.com/399680738/files/doc_financials/2024/q1/META-Q1-2024-Earnings-Call-Transcript.pdf,official_ir_transcript_pdf,present_in_repo,already_present,parsed_ok,meta,,447,
meta,META,2024_Q2,2024,2,Q2 2024 (calendar),2024-07-14..2024-08-29,2024-07-31,transcript_text,earnings_calls/meta/meta_2024_Q2.md,https://s21.q4cdn.com/399680738/files/doc_financials/2024/q2/META-Q2-2024-Earnings-Call-Transcript.pdf,official_ir_transcript_pdf,present_in_repo,already_present,parsed_ok,meta,,468,
meta,META,2024_Q3,2024,3,Q3 2024 (calendar),2024-10-14..2024-11-29,2024-10-30,transcript_text,earnings_calls/meta/meta_2024_Q3.md,https://s21.q4cdn.com/399680738/files/doc_financials/2024/q3/META-Q3-2024-Earnings-Call-Transcript.pdf,official_ir_transcript_pdf,present_in_repo,already_present,parsed_ok,meta,,443,
meta,META,2024_Q4,2024,4,Q4 2024 (calendar),2025-01-14..2025-03-01,2025-01-29,transcript_text,earnings_calls/meta/meta_2024_Q4.md,https://s21.q4cdn.com/399680738/files/doc_financials/2024/q4/META-Q4-2024-Earnings-Call-Transcript.pdf,official_ir_transcript_pdf,present_in_repo,already_present,parsed_ok,meta,,463,
meta,META,2025_Q1,2025,1,Q1 2025 (calendar),2025-04-14..2025-05-30,2025-04-30,transcript_text,earnings_calls/meta/meta_2025_Q1.md,https://s21.q4cdn.com/399680738/files/doc_financials/2025/q1/Transcripts/META-Q1-2025-Earnings-Call-Transcript-1.pdf,official_ir_transcript_pdf,present_in_repo,already_present,parsed_ok,meta,,455,
meta,META,2025_Q2,2025,2,Q2 2025 (calendar),2025-07-14..2025-08-29,2025-07-30,transcript_text,earnings_calls/meta/meta_2025_Q2.md,https://s21.q4cdn.com/399680738/files/doc_financials/2025/q2/META-Q2-2025-Earnings-Call-Transcript.pdf,official_ir_transcript_pdf,present_in_repo,already_present,parsed_ok,meta,,451,
meta,META,2025_Q3,2025,3,Q3 2025 (calendar),2025-10-14..2025-11-29,2025-10-29,transcript_text,earnings_calls/meta/meta_2025_Q3.md,https://s21.q4cdn.com/399680738/files/doc_financials/2025/q3/META-Q3-2025-Earnings-Call-Transcript.pdf,official_ir_transcript_pdf,present_in_repo,already_present,parsed_ok,meta,,446,
meta,META,2025_Q4,2025,4,Q4 2025 (calendar),2026-01-14..2026-03-01,2026-01-28,transcript_text,earnings_calls/meta/meta_2025_Q4.md,https://s21.q4cdn.com/399680738/files/doc_financials/2025/q4/META-Q4-2025-Earnings-Call-Transcript.pdf,official_ir_transcript_pdf,present_in_repo,already_present,parsed_ok,meta,,477,
meta,META,2026_Q1,2026,1,Q1 2026 (calendar),2026-04-14..2026-05-30,2026-04-29,transcript_text,earnings_calls/meta/meta_2026_Q1.md,https://s21.q4cdn.com/399680738/files/doc_financials/2026/q1/META-Q1-2026-Earnings-Call-Transcript.pdf,official_ir_transcript_pdf,present_in_repo,already_present,parsed_ok,meta,,480,
meta,META,2026_Q2,2026,2,Q2 2026 (calendar),2026-07-14..2026-08-29,2026-07-29,transcript_text,earnings_calls/meta/meta_2026_Q2.md,https://s21.q4cdn.com/399680738/files/doc_financials/2026/q2/META-Q2-2026-Earnings-Call-Transcript.pdf,official_ir_transcript_pdf,present_in_repo,already_present,parsed_ok,meta,,509,
microsoft,MSFT,FY22_Q2,2021,4,FY22 Q2 (fiscal; FY ends June 30),2022-01-14..2022-03-01,2022-01-25,transcript_text,earnings_calls/microsoft/microsoft_FY22_Q2.md,https://cdn-dynmedia-1.microsoft.com/is/content/microsoftcorp/TranscriptFY22Q2,official_ir_transcript_docx,acquired_official_ir_text,acquired,parsed_ok,msft,,448,Gate 2: retrieved 2026-10-06 from company IR; see ACQUISITION_LOG.md
microsoft,MSFT,FY22_Q3,2022,1,FY22 Q3 (fiscal; FY ends June 30),2022-04-14..2022-05-30,2022-04-26,transcript_text,earnings_calls/microsoft/microsoft_FY22_Q3.md,https://cdn-dynmedia-1.microsoft.com/is/content/microsoftcorp/TranscriptFY22Q3,official_ir_transcript_docx,acquired_official_ir_text,acquired,parsed_ok,msft,,453,Gate 2: retrieved 2026-10-06 from company IR; see ACQUISITION_LOG.md
microsoft,MSFT,FY22_Q4,2022,2,FY22 Q4 (fiscal; FY ends June 30),2022-07-14..2022-08-29,2022-07-26,transcript_text,earnings_calls/microsoft/microsoft_FY22_Q4.md,https://cdn-dynmedia-1.microsoft.com/is/content/microsoftcorp/TranscriptFY22Q4,official_ir_transcript_docx,acquired_official_ir_text,acquired,parsed_ok,msft,,466,Gate 2: retrieved 2026-10-06 from company IR; see ACQUISITION_LOG.md
microsoft,MSFT,FY23_Q1,2022,3,FY23 Q1 (fiscal; FY ends June 30),2022-10-14..2022-11-29,2022-10-25,transcript_text,earnings_calls/microsoft/microsoft_FY23_Q1.md,https://cdn-dynmedia-1.microsoft.com/is/content/microsoftcorp/TranscriptFY23Q1,official_ir_transcript_docx,acquired_official_ir_text,acquired,parsed_ok,msft,,509,Gate 2: retrieved 2026-10-06 from company IR; see ACQUISITION_LOG.md
microsoft,MSFT,FY23_Q2,2022,4,FY23 Q2 (fiscal; FY ends June 30),2023-01-14..2023-03-01,2023-01-24,transcript_text,earnings_calls/microsoft/microsoft_FY23_Q2.md,https://www.microsoft.com/en-us/investor/events/fy-2023/earnings-fy-2023-q2,official_ir_transcript_html,present_in_repo,already_present,parsed_ok,msft,,485,
microsoft,MSFT,FY23_Q3,2023,1,FY23 Q3 (fiscal; FY ends June 30),2023-04-14..2023-05-30,2023-04-25,transcript_text,earnings_calls/microsoft/microsoft_FY23_Q3.md,https://www.microsoft.com/en-us/investor/events/fy-2023/earnings-fy-2023-q3,official_ir_transcript_html,present_in_repo,already_present,parsed_ok,msft,,464,
microsoft,MSFT,FY23_Q4,2023,2,FY23 Q4 (fiscal; FY ends June 30),2023-07-14..2023-08-29,2023-07-25,transcript_text,earnings_calls/microsoft/microsoft_FY23_Q4.md,https://www.microsoft.com/en-us/investor/events/fy-2023/earnings-fy-2023-q4,official_ir_transcript_html,present_in_repo,already_present,parsed_ok,msft,,516,
microsoft,MSFT,FY24_Q1,2023,3,FY24 Q1 (fiscal; FY ends June 30),2023-10-14..2023-11-29,2023-10-24,transcript_text,earnings_calls/microsoft/microsoft_FY24_Q1.md,https://www.microsoft.com/en-us/investor/events/fy-2024/earnings-fy-2024-q1,official_ir_transcript_html,present_in_repo,already_present,parsed_ok,msft,,476,
microsoft,MSFT,FY24_Q2,2023,4,FY24 Q2 (fiscal; FY ends June 30),2024-01-14..2024-02-29,2024-01-30,transcript_text,earnings_calls/microsoft/microsoft_FY24_Q2.md,https://www.microsoft.com/en-us/investor/events/fy-2024/earnings-fy-2024-q2,official_ir_transcript_html,present_in_repo,already_present,parsed_ok,msft,,522,
microsoft,MSFT,FY24_Q3,2024,1,FY24 Q3 (fiscal; FY ends June 30),2024-04-14..2024-05-30,2024-04-25,transcript_text,earnings_calls/microsoft/microsoft_FY24_Q3.md,https://www.microsoft.com/en-us/investor/events/fy-2024/earnings-fy-2024-q3,official_ir_transcript_html,present_in_repo,already_present,parsed_ok,msft,,502,
microsoft,MSFT,FY24_Q4,2024,2,FY24 Q4 (fiscal; FY ends June 30),2024-07-14..2024-08-29,2024-07-30,transcript_text,earnings_calls/microsoft/microsoft_FY24_Q4.md,https://www.microsoft.com/en-us/investor/events/fy-2024/earnings-fy-2024-q4,official_ir_transcript_html,present_in_repo,already_present,parsed_ok,msft,,507,
microsoft,MSFT,FY25_Q1,2024,3,FY25 Q1 (fiscal; FY ends June 30),2024-10-14..2024-11-29,2024-10-30,transcript_text,earnings_calls/microsoft/microsoft_FY25_Q1.md,https://www.microsoft.com/en-us/investor/events/fy-2025/earnings-fy-2025-q1,official_ir_transcript_html,present_in_repo,already_present,parsed_ok,msft,,524,
microsoft,MSFT,FY25_Q2,2024,4,FY25 Q2 (fiscal; FY ends June 30),2025-01-14..2025-03-01,2025-01-29,transcript_text,earnings_calls/microsoft/microsoft_FY25_Q2.md,https://www.microsoft.com/en-us/investor/events/fy-2025/earnings-fy-2025-q2,official_ir_transcript_html,present_in_repo,already_present,parsed_ok,msft,,501,
microsoft,MSFT,FY25_Q3,2025,1,FY25 Q3 (fiscal; FY ends June 30),2025-04-14..2025-05-30,2025-04-30,transcript_text,earnings_calls/microsoft/microsoft_FY25_Q3.md,https://www.microsoft.com/en-us/investor/events/fy-2025/earnings-fy-2025-q3,official_ir_transcript_html,present_in_repo,already_present,parsed_ok,msft,,485,
microsoft,MSFT,FY25_Q4,2025,2,FY25 Q4 (fiscal; FY ends June 30),2025-07-14..2025-08-29,2025-07-30,transcript_text,earnings_calls/microsoft/microsoft_FY25_Q4.md,https://www.microsoft.com/en-us/investor/events/fy-2025/earnings-fy-2025-q4,official_ir_transcript_html,present_in_repo,already_present,parsed_ok,msft,,454,
microsoft,MSFT,FY26_Q1,2025,3,FY26 Q1 (fiscal; FY ends June 30),2025-10-14..2025-11-29,2025-10-29,transcript_text,earnings_calls/microsoft/microsoft_FY26_Q1.md,https://www.microsoft.com/en-us/investor/events/fy-2026/earnings-fy-2026-q1,official_ir_transcript_html,present_in_repo,already_present,parsed_ok,msft,,508,
microsoft,MSFT,FY26_Q2,2025,4,FY26 Q2 (fiscal; FY ends June 30),2026-01-14..2026-03-01,2026-01-28,transcript_text,earnings_calls/microsoft/microsoft_FY26_Q2.md,https://www.microsoft.com/en-us/investor/events/fy-2026/earnings-fy-2026-q2,official_ir_transcript_html,present_in_repo,already_present,parsed_ok,msft,,483,
microsoft,MSFT,FY26_Q3,2026,1,FY26 Q3 (fiscal; FY ends June 30),2026-04-14..2026-05-30,2026-04-29,transcript_text,earnings_calls/microsoft/microsoft_FY26_Q3.md,https://www.microsoft.com/en-us/investor/events/fy-2026/earnings-fy-2026-q3,official_ir_transcript_html,present_in_repo,already_present,parsed_ok,msft,,506,
microsoft,MSFT,FY26_Q4,2026,2,FY26 Q4 (fiscal; FY ends June 30),2026-07-14..2026-08-29,2026-07-29,transcript_text,earnings_calls/microsoft/microsoft_FY26_Q4.md,https://www.microsoft.com/en-us/investor/events/fy-2026/earnings-fy-2026-q4,official_ir_transcript_html,present_in_repo,already_present,parsed_ok,msft,,519,
nvidia,NVDA,FY22_Q4,2021,4,FY22 Q4 (fiscal; FY ends last Sunday of January),2022-02-14..2022-04-01,2022-02-16,company_ir_event_listing,,https://investor.nvidia.com/feed/Event.svc/GetEventList (event listed; no transcript),none,no_public_company_source,unavailable_public_source,not_parsed,,,,NVIDIA IR event has no transcript attachment; webcast is an events.q4inc.com registration app. NVIDIA hosts transcripts only from FY26 Q1. Only third-party sources exist.
nvidia,NVDA,FY23_Q1,2022,1,FY23 Q1 (fiscal; FY ends last Sunday of January),2022-05-14..2022-06-29,2022-05-25,company_ir_event_listing,,https://investor.nvidia.com/feed/Event.svc/GetEventList (event listed; no transcript),none,no_public_company_source,unavailable_public_source,not_parsed,,,,NVIDIA IR event has no transcript attachment; webcast is an events.q4inc.com registration app. NVIDIA hosts transcripts only from FY26 Q1. Only third-party sources exist.
nvidia,NVDA,FY23_Q2,2022,2,FY23 Q2 (fiscal; FY ends last Sunday of January),2022-08-14..2022-09-29,2022-08-24,company_ir_event_listing,,https://investor.nvidia.com/feed/Event.svc/GetEventList (event listed; no transcript),none,no_public_company_source,unavailable_public_source,not_parsed,,,,NVIDIA IR event has no transcript attachment; webcast is an events.q4inc.com registration app. NVIDIA hosts transcripts only from FY26 Q1. Only third-party sources exist.
nvidia,NVDA,FY23_Q3,2022,3,FY23 Q3 (fiscal; FY ends last Sunday of January),2022-11-14..2022-12-30,2022-11-16,company_ir_event_listing,,https://investor.nvidia.com/feed/Event.svc/GetEventList (event listed; no transcript),none,no_public_company_source,unavailable_public_source,not_parsed,,,,NVIDIA IR event has no transcript attachment; webcast is an events.q4inc.com registration app. NVIDIA hosts transcripts only from FY26 Q1. Only third-party sources exist.
nvidia,NVDA,FY23_Q4,2022,4,FY23 Q4 (fiscal; FY ends last Sunday of January),2023-02-14..2023-04-01,2023-02-22,file_metadata,earnings_calls/nvidia/nvidia_FY23_Q4.md,https://www.fool.com/earnings/call-transcripts/2023/02/22/nvidia-nvda-q4-2023-earnings-call-transcript/,third_party_transcript_motley_fool,present_in_repo,already_present,parsed_ok,fool,,482,
nvidia,NVDA,FY24_Q1,2023,1,FY24 Q1 (fiscal; FY ends last Sunday of January),2023-05-14..2023-06-29,2023-05-24,file_metadata,earnings_calls/nvidia/nvidia_FY24_Q1.md,https://www.fool.com/earnings/call-transcripts/2023/05/24/nvidia-nvda-q1-2024-earnings-call-transcript/,third_party_transcript_motley_fool,present_in_repo,already_present,parsed_ok,fool,,518,
nvidia,NVDA,FY24_Q2,2023,2,FY24 Q2 (fiscal; FY ends last Sunday of January),2023-08-14..2023-09-29,2023-08-23,file_metadata,earnings_calls/nvidia/nvidia_FY24_Q2.md,https://www.fool.com/earnings/call-transcripts/2023/08/23/nvidia-nvda-q2-2024-earnings-call-transcript/,third_party_transcript_motley_fool,present_in_repo,already_present,parsed_ok,fool,,470,
nvidia,NVDA,FY24_Q3,2023,3,FY24 Q3 (fiscal; FY ends last Sunday of January),2023-11-14..2023-12-30,2023-11-21,file_metadata,earnings_calls/nvidia/nvidia_FY24_Q3.md,https://www.fool.com/earnings/call-transcripts/2023/11/22/nvidia-nvda-q3-2024-earnings-call-transcript/,third_party_transcript_motley_fool,present_in_repo,already_present,parsed_ok,fool,,541,
nvidia,NVDA,FY24_Q4,2023,4,FY24 Q4 (fiscal; FY ends last Sunday of January),2024-02-14..2024-03-31,2024-02-21,transcript_text,earnings_calls/nvidia/nvidia_FY24_Q4.md,https://youtu.be/txOv_pi-_R4,youtube_auto_captions,present_in_repo,already_present,parsed_with_flags,captions,"YouTube auto-captions, no speaker labels",511,
nvidia,NVDA,FY25_Q1,2024,1,FY25 Q1 (fiscal; FY ends last Sunday of January),2024-05-14..2024-06-29,2024-05-22,file_metadata,earnings_calls/nvidia/nvidia_FY25_Q1.md,https://www.fool.com/earnings/call-transcripts/2024/05/29/nvidia-nvda-q1-2025-earnings-call-transcript/,third_party_transcript_motley_fool,present_in_repo,already_present,parsed_ok,fool,,484,
nvidia,NVDA,FY25_Q2,2024,2,FY25 Q2 (fiscal; FY ends last Sunday of January),2024-08-14..2024-09-29,2024-08-28,file_metadata,earnings_calls/nvidia/nvidia_FY25_Q2.md,https://www.fool.com/earnings/call-transcripts/2024/08/28/nvidia-nvda-q2-2025-earnings-call-transcript/,third_party_transcript_motley_fool,present_in_repo,already_present,parsed_ok,fool,,544,
nvidia,NVDA,FY25_Q3,2024,3,FY25 Q3 (fiscal; FY ends last Sunday of January),2024-11-14..2024-12-30,2024-11-20,file_metadata,earnings_calls/nvidia/nvidia_FY25_Q3.md,https://www.fool.com/earnings/call-transcripts/2024/11/20/nvidia-nvda-q3-2025-earnings-call-transcript/,third_party_transcript_motley_fool,present_in_repo,already_present,parsed_ok,fool,,507,
nvidia,NVDA,FY25_Q4,2024,4,FY25 Q4 (fiscal; FY ends last Sunday of January),2025-02-14..2025-04-01,2025-02-26,file_metadata,earnings_calls/nvidia/nvidia_FY25_Q4.md,https://www.fool.com/earnings/call-transcripts/2025/02/26/nvidia-nvda-q4-2025-earnings-call-transcript/,third_party_transcript_motley_fool,present_in_repo,already_present,parsed_ok,fool,,505,
nvidia,NVDA,FY26_Q1,2025,1,FY26 Q1 (fiscal; FY ends last Sunday of January),2025-05-14..2025-06-29,2025-05-28,file_metadata,earnings_calls/nvidia/nvidia_FY26_Q1.md,,official_ir_pdf_factset_callstreet,present_in_repo,already_present,parsed_ok,factset,,470,metadata block gives no source URL
nvidia,NVDA,FY26_Q2,2025,2,FY26 Q2 (fiscal; FY ends last Sunday of January),2025-08-14..2025-09-29,2025-08-27,file_metadata,earnings_calls/nvidia/nvidia_FY26_Q2.md,,official_ir_pdf_factset_callstreet,present_in_repo,already_present,parsed_ok,factset,,466,metadata block gives no source URL
nvidia,NVDA,FY26_Q3,2025,3,FY26 Q3 (fiscal; FY ends last Sunday of January),2025-11-14..2025-12-30,2025-11-19,file_metadata,earnings_calls/nvidia/nvidia_FY26_Q3.md,,official_ir_pdf_factset_callstreet,present_in_repo,already_present,parsed_ok,factset,,498,metadata block gives no source URL
nvidia,NVDA,FY26_Q4,2025,4,FY26 Q4 (fiscal; FY ends last Sunday of January),2026-02-14..2026-04-01,2026-02-25,file_metadata,earnings_calls/nvidia/nvidia_FY26_Q4.md,,official_ir_pdf_factset_callstreet,present_in_repo,already_present,parsed_ok,factset,,509,metadata block gives no source URL
nvidia,NVDA,FY27_Q1,2026,1,FY27 Q1 (fiscal; FY ends last Sunday of January),2026-05-14..2026-06-29,2026-05-20,file_metadata,earnings_calls/nvidia/nvidia_FY27_Q1.md,,official_ir_pdf_factset_callstreet,present_in_repo,already_present,parsed_ok,factset,,525,metadata block gives no source URL
nvidia,NVDA,FY27_Q2,2026,2,FY27 Q2 (fiscal; FY ends last Sunday of January),2026-08-14..2026-09-29,2026-08-26,file_metadata,earnings_calls/nvidia/nvidia_FY27_Q2.md,,official_ir_pdf_factset_callstreet,present_in_repo,already_present,parsed_ok,factset,,479,metadata block gives no source URL
tesla,TSLA,2021_Q4,2021,4,Q4 2021 (calendar),2022-01-14..2022-03-01,2022-01-26,company_ir_event_listing,,https://ir.tesla.com/ (HTTP 403 to automated requests),official_ir_webcast,official_webcast_only,awaiting_human_source_decision,not_parsed,,,,"Tesla publishes no transcript; the webcast replay is on ir.tesla.com, which refuses automated access. Existing caption files used Tesla's own YouTube uploads; doing the same needs approval."
tesla,TSLA,2022_Q1,2022,1,Q1 2022 (calendar),2022-04-14..2022-05-30,,,,https://ir.tesla.com/ (HTTP 403 to automated requests),official_ir_webcast,official_webcast_only,awaiting_human_source_decision,not_parsed,,,,"Tesla publishes no transcript; the webcast replay is on ir.tesla.com, which refuses automated access. Existing caption files used Tesla's own YouTube uploads; doing the same needs approval."
tesla,TSLA,2022_Q2,2022,2,Q2 2022 (calendar),2022-07-14..2022-08-29,,,,https://ir.tesla.com/ (HTTP 403 to automated requests),official_ir_webcast,official_webcast_only,awaiting_human_source_decision,not_parsed,,,,"Tesla publishes no transcript; the webcast replay is on ir.tesla.com, which refuses automated access. Existing caption files used Tesla's own YouTube uploads; doing the same needs approval."
tesla,TSLA,2022_Q3,2022,3,Q3 2022 (calendar),2022-10-14..2022-11-29,,,,https://ir.tesla.com/ (HTTP 403 to automated requests),official_ir_webcast,official_webcast_only,awaiting_human_source_decision,not_parsed,,,,"Tesla publishes no transcript; the webcast replay is on ir.tesla.com, which refuses automated access. Existing caption files used Tesla's own YouTube uploads; doing the same needs approval."
tesla,TSLA,2022_Q4,2022,4,Q4 2022 (calendar),2023-01-14..2023-03-01,,not_stated_in_source_file,earnings_calls/tesla/tesla_2022_Q4.md,https://www.fool.com/earnings/call-transcripts/2023/01/26/tesla-tsla-q4-2022-earnings-call-transcript/,third_party_transcript_motley_fool,present_in_repo,already_present,parsed_ok,fool,,517,
tesla,TSLA,2023_Q1,2023,1,Q1 2023 (calendar),2023-04-14..2023-05-30,,not_stated_in_source_file,earnings_calls/tesla/tesla_2023_Q1.md,https://youtu.be/3MVIWeU36ZY,youtube_auto_captions,present_in_repo,already_present,parsed_with_flags,captions,"YouTube auto-captions, no speaker labels; 8 pre-call livestream segments dropped; unpunctuated captions: units are ~30s caption segments, not sentences; 121 units, outside the typical 400-900",121,
tesla,TSLA,2023_Q2,2023,2,Q2 2023 (calendar),2023-07-14..2023-08-29,,not_stated_in_source_file,earnings_calls/tesla/tesla_2023_Q2.md,https://www.fool.com/earnings/call-transcripts/2023/07/19/tesla-tsla-q2-2023-earnings-call-transcript/,third_party_transcript_motley_fool,present_in_repo,already_present,parsed_ok,fool,,590,
tesla,TSLA,2023_Q3,2023,3,Q3 2023 (calendar),2023-10-14..2023-11-29,,not_stated_in_source_file,earnings_calls/tesla/tesla_2023_Q3.md,https://www.fool.com/earnings/call-transcripts/2023/10/18/tesla-tsla-q3-2023-earnings-call-transcript/,third_party_transcript_motley_fool,present_in_repo,already_present,parsed_ok,fool,,529,
tesla,TSLA,2023_Q4,2023,4,Q4 2023 (calendar),2024-01-14..2024-02-29,,not_stated_in_source_file,earnings_calls/tesla/tesla_2023_Q4.md,https://www.fool.com/earnings/call-transcripts/2024/01/24/tesla-tsla-q4-2023-earnings-call-transcript/,third_party_transcript_motley_fool,present_in_repo,already_present,parsed_ok,fool,,589,
tesla,TSLA,2024_Q1,2024,1,Q1 2024 (calendar),2024-04-14..2024-05-30,,not_stated_in_source_file,earnings_calls/tesla/tesla_2024_Q1.md,https://www.fool.com/earnings/call-transcripts/2024/04/23/tesla-tsla-q1-2024-earnings-call-transcript/,third_party_transcript_motley_fool,present_in_repo,already_present,parsed_ok,fool,,640,
tesla,TSLA,2024_Q2,2024,2,Q2 2024 (calendar),2024-07-14..2024-08-29,,not_stated_in_source_file,earnings_calls/tesla/tesla_2024_Q2.md,https://www.fool.com/earnings/call-transcripts/2024/07/24/tesla-tsla-q2-2024-earnings-call-transcript/,third_party_transcript_motley_fool,present_in_repo,already_present,parsed_ok,fool,,542,
tesla,TSLA,2024_Q3,2024,3,Q3 2024 (calendar),2024-10-14..2024-11-29,,not_stated_in_source_file,earnings_calls/tesla/tesla_2024_Q3.md,https://www.fool.com/earnings/call-transcripts/2024/10/23/tesla-tsla-q3-2024-earnings-call-transcript/,third_party_transcript_motley_fool,present_in_repo,already_present,parsed_ok,fool,,603,
tesla,TSLA,2024_Q4,2024,4,Q4 2024 (calendar),2025-01-14..2025-03-01,,not_stated_in_source_file,earnings_calls/tesla/tesla_2024_Q4.md,https://www.fool.com/earnings/call-transcripts/2025/01/29/tesla-tsla-q4-2024-earnings-call-transcript/,third_party_transcript_motley_fool,present_in_repo,already_present,parsed_ok,fool,,590,
tesla,TSLA,2025_Q1,2025,1,Q1 2025 (calendar),2025-04-14..2025-05-30,,not_stated_in_source_file,earnings_calls/tesla/tesla_2025_Q1.md,https://youtu.be/vs4cfyyMWhQ,youtube_auto_captions,present_in_repo,already_present,parsed_with_flags,captions,"YouTube auto-captions, no speaker labels; 9 pre-call livestream segments dropped",697,
tesla,TSLA,2025_Q2,2025,2,Q2 2025 (calendar),2025-07-14..2025-08-29,,not_stated_in_source_file,earnings_calls/tesla/tesla_2025_Q2.md,https://youtu.be/pLjG7a-NX7U,youtube_auto_captions,present_in_repo,already_present,parsed_with_flags,captions,"YouTube auto-captions, no speaker labels; 6 pre-call livestream segments dropped",466,
tesla,TSLA,2025_Q3,2025,3,Q3 2025 (calendar),2025-10-14..2025-11-29,,not_stated_in_source_file,earnings_calls/tesla/tesla_2025_Q3.md,https://youtu.be/GQ9S7xbkGAY,youtube_auto_captions,present_in_repo,already_present,parsed_with_flags,captions,"YouTube auto-captions, no speaker labels; 12 pre-call livestream segments dropped",497,
tesla,TSLA,2025_Q4,2025,4,Q4 2025 (calendar),2026-01-14..2026-03-01,,not_stated_in_source_file,earnings_calls/tesla/tesla_2025_Q4.md,https://youtu.be/oK0UZEE9GPo,youtube_auto_captions,present_in_repo,already_present,parsed_with_flags,captions,"YouTube auto-captions, no speaker labels; 5 pre-call livestream segments dropped",455,
tesla,TSLA,2026_Q1,2026,1,Q1 2026 (calendar),2026-04-14..2026-05-30,,not_stated_in_source_file,earnings_calls/tesla/tesla_2026_Q1.md,https://youtu.be/qO7T5zgRvXM,youtube_auto_captions,present_in_repo,already_present,parsed_with_flags,captions,"YouTube auto-captions, no speaker labels",424,
tesla,TSLA,2026_Q2,2026,2,Q2 2026 (calendar),2026-07-14..2026-08-29,,not_stated_in_source_file,earnings_calls/tesla/tesla_2026_Q2.md,https://youtu.be/gashN6dPE5w,youtube_auto_captions,present_in_repo,already_present,parsed_with_flags,captions,"YouTube auto-captions, no speaker labels",491,
