call_id,company,ticker,period_label,calendar_year,calendar_quarter,fiscal_or_calendar_label,call_date,call_date_source,source_file,source_sha256,source_url,source_type,acquisition_status,parser_format,unit_type,section_method,units_comparable_to_sentences,total_units,total_units_prepared,total_units_qa,ai_units,ai_units_prepared,ai_units_qa,ai_uncertain,ai_context_dependent,ai_safe_harbor,ai_long,borderline_automation,borderline_infrastructure,units_speaker_corrected,units_text_changed_by_correction,ai_units_speaker_unresolved,ai_units_speaker_unverified,call_parse_flags,committed_filter_output,committed_drift,extraction_version
alphabet_2021_Q4,alphabet,GOOGL,2021_Q4,2021,4,Q4 2021 (calendar),2022-02-01,transcript_text,earnings_calls/alphabet/alphabet_2021_Q4.md,624f776116981efa94e799aa5e17650b74d6430a23452806141de322608be43f,https://web.archive.org/web/20240716084722/https://abc.xyz/assets/investor/static/pdf/2021_Q4_Earnings_Transcript.pdf,unknown,already_present,alphabet,sentence,first_operator_turn_after_management,1,538,231,307,34,20,14,6,2,0,0,7,10,87,18,0,0,,absent,no_committed_file,filter_earnings_calls.py@sha256:3a9b355c5877/canonical-v2
alphabet_2022_Q1,alphabet,GOOGL,2022_Q1,2022,1,Q1 2022 (calendar),2022-04-26,transcript_text,earnings_calls/alphabet/alphabet_2022_Q1.md,4a14f915b39ec459119be387f74c33ccd5ad4da2083271017668eccd946c445b,https://s206.q4cdn.com/479360582/files/doc_financials/2022/q1/2022_Q1_Earnings_Transcript.pdf,official_ir_transcript_pdf,acquired,alphabet,sentence,first_operator_turn_after_management,1,456,206,250,12,12,0,4,1,0,0,3,10,81,17,0,0,,absent,no_committed_file,filter_earnings_calls.py@sha256:3a9b355c5877/canonical-v2
alphabet_2022_Q2,alphabet,GOOGL,2022_Q2,2022,2,Q2 2022 (calendar),2022-07-26,transcript_text,earnings_calls/alphabet/alphabet_2022_Q2.md,a350e5f6c6b3cec40887633e3a44009b421996238d19a6bd78091bcb04b2a320,https://s206.q4cdn.com/479360582/files/doc_financials/2022/q2/2022_Q2_Earnings_Transcript.pdf,official_ir_transcript_pdf,acquired,alphabet,sentence,first_operator_turn_after_management,1,485,214,271,24,16,8,4,2,0,0,0,10,88,16,0,0,,absent,no_committed_file,filter_earnings_calls.py@sha256:3a9b355c5877/canonical-v2
alphabet_2022_Q3,alphabet,GOOGL,2022_Q3,2022,3,Q3 2022 (calendar),2022-10-25,transcript_text,earnings_calls/alphabet/alphabet_2022_Q3.md,aa961f35346bab63d54cf4c6c21531877c359a9afe6f7ec51ce1717f50d15940,https://s206.q4cdn.com/479360582/files/doc_financials/2022/q3/2022_Q3_Earnings_Transcript.pdf,official_ir_transcript_pdf,acquired,alphabet,sentence,first_operator_turn_after_management,1,475,227,248,22,13,9,5,1,0,0,6,10,86,16,0,0,,absent,no_committed_file,filter_earnings_calls.py@sha256:3a9b355c5877/canonical-v2
alphabet_2022_Q4,alphabet,GOOGL,2022_Q4,2022,4,Q4 2022 (calendar),2023-02-02,transcript_text,earnings_calls/alphabet/alphabet_2022_Q4.md,92fb42cf1b645db6c197b99fb9b7a94be14aee30996a7a3315a76e00920d85a2,https://s206.q4cdn.com/479360582/files/doc_financials/2022/q4/2022_Q4_Earnings_Transcript.pdf,official_ir_transcript_pdf,already_present,alphabet,sentence,first_operator_turn_after_management,1,468,251,217,76,52,24,5,4,0,0,1,11,0,0,0,0,,present,match,filter_earnings_calls.py@sha256:3a9b355c5877/canonical-v2
alphabet_2023_Q1,alphabet,GOOGL,2023_Q1,2023,1,Q1 2023 (calendar),2023-04-25,transcript_text,earnings_calls/alphabet/alphabet_2023_Q1.md,e0d376071354a26696e79f83da1b64b3ab9740f242250eefa398f55f97ea5a76,https://s206.q4cdn.com/479360582/files/doc_financials/2023/q1/2023_Q1_Earnings_Transcript.pdf,official_ir_transcript_pdf,already_present,alphabet,sentence,first_operator_turn_after_management,1,516,241,275,79,48,31,5,9,0,0,1,11,0,0,0,0,,present,match,filter_earnings_calls.py@sha256:3a9b355c5877/canonical-v2
alphabet_2023_Q2,alphabet,GOOGL,2023_Q2,2023,2,Q2 2023 (calendar),2023-07-25,transcript_text,earnings_calls/alphabet/alphabet_2023_Q2.md,57a7e2802294203778b618225d0462da721a56f4145f864d9563755520511f8c,https://s206.q4cdn.com/479360582/files/doc_financials/2023/q2/2023-q2-earnings-transcript.pdf,official_ir_transcript_pdf,already_present,alphabet,sentence,first_operator_turn_after_management,1,509,254,255,95,56,39,1,10,0,0,3,11,0,0,0,0,,present,match,filter_earnings_calls.py@sha256:3a9b355c5877/canonical-v2
alphabet_2023_Q3,alphabet,GOOGL,2023_Q3,2023,3,Q3 2023 (calendar),,not_stated_in_source_file,earnings_calls/alphabet/alphabet_2023_Q3.md,f16bdd62e0b7544fe8667da41dc8b0df30358164c8a83ae4a1873b3e2bd44faf,https://s206.q4cdn.com/479360582/files/doc_financials/2023/q3/2023-q3-earnings-transcript.pdf,official_ir_transcript_pdf,already_present,alphabet,sentence,first_operator_turn_after_management,1,453,222,231,83,53,30,4,11,0,0,1,11,0,0,0,0,,present,match,filter_earnings_calls.py@sha256:3a9b355c5877/canonical-v2
alphabet_2023_Q4,alphabet,GOOGL,2023_Q4,2023,4,Q4 2023 (calendar),,not_stated_in_source_file,earnings_calls/alphabet/alphabet_2023_Q4.md,14e296992f2300fff6c2e8b0659d8d7c6fa4830a2da882ef83178d2dbba67e6c,https://s206.q4cdn.com/479360582/files/doc_financials/2023/q4/2023-q4-earnings-transcript.pdf,official_ir_transcript_pdf,already_present,alphabet,sentence,first_operator_turn_after_management,1,496,260,236,96,63,33,2,8,0,0,3,10,0,0,0,0,,present,match,filter_earnings_calls.py@sha256:3a9b355c5877/canonical-v2
alphabet_2024_Q1,alphabet,GOOGL,2024_Q1,2024,1,Q1 2024 (calendar),,not_stated_in_source_file,earnings_calls/alphabet/alphabet_2024_Q1.md,becedd08547c0ae8fe32b3ff2b3d188543c82e8e9043bc5d6555a8dba7b5c003,https://s206.q4cdn.com/479360582/files/doc_financials/2024/q1/2024-q1-earnings-transcript.pdf,official_ir_transcript_pdf,already_present,alphabet,sentence,first_operator_turn_after_management,1,488,269,219,87,65,22,4,7,0,0,1,24,0,0,0,0,,present,match,filter_earnings_calls.py@sha256:3a9b355c5877/canonical-v2
alphabet_2024_Q2,alphabet,GOOGL,2024_Q2,2024,2,Q2 2024 (calendar),,not_stated_in_source_file,earnings_calls/alphabet/alphabet_2024_Q2.md,51836a3c2a49f3870c0c366b83e5ae707fe64359e7687ce7d00445804ac2bdc5,https://s206.q4cdn.com/479360582/files/doc_financials/2024/q2/2024-q2-earnings-transcript.pdf,official_ir_transcript_pdf,already_present,alphabet,sentence,first_operator_turn_after_management,1,496,258,238,109,72,37,20,7,0,0,1,11,0,0,0,0,,present,match,filter_earnings_calls.py@sha256:3a9b355c5877/canonical-v2
alphabet_2024_Q3,alphabet,GOOGL,2024_Q3,2024,3,Q3 2024 (calendar),,not_stated_in_source_file,earnings_calls/alphabet/alphabet_2024_Q3.md,87274970734e85d04dfb9be2f883bee9009d25acc6e52fdd57946005fca4a043,https://s206.q4cdn.com/479360582/files/doc_financials/2024/q3/2024-q3-earnings-transcript.pdf,official_ir_transcript_pdf,already_present,alphabet,sentence,first_operator_turn_after_management,1,558,262,296,129,84,45,23,5,0,0,0,13,0,0,0,0,,present,match,filter_earnings_calls.py@sha256:3a9b355c5877/canonical-v2
alphabet_2024_Q4,alphabet,GOOGL,2024_Q4,2024,4,Q4 2024 (calendar),,not_stated_in_source_file,earnings_calls/alphabet/alphabet_2024_Q4.md,1772f3daf0525a5902e355b63c01212602e579904c518ebfb67881330c171d17,https://s206.q4cdn.com/479360582/files/doc_financials/2024/q4/2024-q4-earnings-transcript.pdf,official_ir_transcript_pdf,already_present,alphabet,sentence,first_operator_turn_after_management,1,527,271,256,127,71,56,23,9,0,0,0,19,0,0,0,0,,present,match,filter_earnings_calls.py@sha256:3a9b355c5877/canonical-v2
alphabet_2025_Q1,alphabet,GOOGL,2025_Q1,2025,1,Q1 2025 (calendar),,not_stated_in_source_file,earnings_calls/alphabet/alphabet_2025_Q1.md,a0ae4db60fdebebd441075ab6e9c630dfee0aaced81519564107fd96f3f6568f,https://s206.q4cdn.com/479360582/files/doc_financials/2025/q1/2025-q1-earnings-transcript.pdf,official_ir_transcript_pdf,already_present,alphabet,sentence,first_operator_turn_after_management,1,488,222,266,107,63,44,13,8,0,0,1,18,0,0,0,0,,present,match,filter_earnings_calls.py@sha256:3a9b355c5877/canonical-v2
alphabet_2025_Q2,alphabet,GOOGL,2025_Q2,2025,2,Q2 2025 (calendar),,not_stated_in_source_file,earnings_calls/alphabet/alphabet_2025_Q2.md,0b033cefb63bdc4bafe10eab42d91018fe87d14fe7cc0c50c6ce3ca1cb37f21d,https://s206.q4cdn.com/479360582/files/doc_financials/2025/q2/2025-q2-earnings-transcript.pdf,official_ir_transcript_pdf,already_present,alphabet,sentence,first_operator_turn_after_management,1,508,246,262,126,81,45,16,5,0,0,0,21,0,0,0,0,,present,match,filter_earnings_calls.py@sha256:3a9b355c5877/canonical-v2
alphabet_2025_Q3,alphabet,GOOGL,2025_Q3,2025,3,Q3 2025 (calendar),,not_stated_in_source_file,earnings_calls/alphabet/alphabet_2025_Q3.md,1ab96b36ce1d27c883422d56659cb73149d467f2ec6529df46eb5da7be5ba257,https://s206.q4cdn.com/479360582/files/doc_events/2025/Oct/29/2025_Q3_Earnings_Transcript.pdf,official_ir_transcript_pdf,already_present,alphabet,sentence,first_operator_turn_after_management,1,453,240,213,141,81,60,26,8,0,0,0,17,0,0,0,0,,present,match,filter_earnings_calls.py@sha256:3a9b355c5877/canonical-v2
alphabet_2025_Q4,alphabet,GOOGL,2025_Q4,2025,4,Q4 2025 (calendar),,not_stated_in_source_file,earnings_calls/alphabet/alphabet_2025_Q4.md,c8e056ce4cec87463c0773286ffcdc902aa43a779f3649c0cdc4dddd4df8e96b,https://s206.q4cdn.com/479360582/files/doc_events/2026/Feb/04/2025_Q4_Earnings_Transcript.pdf,official_ir_transcript_pdf,already_present,alphabet,sentence,first_operator_turn_after_management,1,515,256,259,158,102,56,23,7,0,0,1,25,0,0,0,0,,present,match,filter_earnings_calls.py@sha256:3a9b355c5877/canonical-v2
alphabet_2026_Q1,alphabet,GOOGL,2026_Q1,2026,1,Q1 2026 (calendar),,not_stated_in_source_file,earnings_calls/alphabet/alphabet_2026_Q1.md,05b07d35d969e03b88909d02da4be8f925c608df9c858c97bd1f0038eaa445fa,https://s206.q4cdn.com/479360582/files/doc_events/2026/Apr/29/Alphabet-2026_Q1_Earnings_Transcript.pdf,official_ir_transcript_pdf,already_present,alphabet,sentence,first_operator_turn_after_management,1,504,251,253,161,100,61,20,12,0,0,1,21,0,0,0,0,,present,match,filter_earnings_calls.py@sha256:3a9b355c5877/canonical-v2
alphabet_2026_Q2,alphabet,GOOGL,2026_Q2,2026,2,Q2 2026 (calendar),,not_stated_in_source_file,earnings_calls/alphabet/alphabet_2026_Q2.md,5974baaa33d0ec68b3377830afe5980ed914e6c5cbebeeab1065a02f5edf8832,https://s206.q4cdn.com/479360582/files/doc_events/2026/Jul/22/2026_Q2_Earnings_Transcript.pdf,official_ir_transcript_pdf,already_present,alphabet,sentence,first_operator_turn_after_management,1,523,248,275,174,102,72,36,9,0,0,0,15,0,0,0,0,,present,match,filter_earnings_calls.py@sha256:3a9b355c5877/canonical-v2
amazon_2021_Q4,amazon,AMZN,2021_Q4,2021,4,Q4 2021 (calendar),2022-02-03,transcript_text,earnings_calls/amazon/amazon_2021_Q4.md,a86ef7d835319f9852a0e3748ebdcc46fb787e6cbaf9d561d0638e3d2dc3fd9e,https://s2.q4cdn.com/299287126/files/doc_financials/2021/q4/Amazon-Quarterly-Earnings-Report-Q4-2021-Full-Call-v1.wav,machine_transcript_whisper_of_official_ir_audio,already_present,captions,whisper_unit,transition_phrase_heuristic,0,381,97,284,1,1,0,0,0,0,0,0,12,0,0,0,0,"machine transcript (Whisper), no speaker labels; 381 units, outside the typical 400-900",absent,no_committed_file,filter_earnings_calls.py@sha256:3a9b355c5877/canonical-v2
amazon_2022_Q1,amazon,AMZN,2022_Q1,2022,1,Q1 2022 (calendar),2022-04-28,transcript_text,earnings_calls/amazon/amazon_2022_Q1.md,50aab363ed8c08beb57db05bc0db263486ae80e19c4914ec042bac62447fd8aa,https://s2.q4cdn.com/299287126/files/doc_financials/2022/q1/Amazon-Quarterly-Earnings-Report-Q1-2022-Full-Call-v1.mp3,machine_transcript_whisper_of_official_ir_audio,already_present,captions,whisper_unit,transition_phrase_heuristic,0,323,107,216,2,0,2,2,0,0,0,0,12,0,0,0,0,"machine transcript (Whisper), no speaker labels; call opening not detected: source may start mid-call; 323 units, outside the typical 400-900",absent,no_committed_file,filter_earnings_calls.py@sha256:3a9b355c5877/canonical-v2
amazon_2022_Q2,amazon,AMZN,2022_Q2,2022,2,Q2 2022 (calendar),,not_stated_in_source_file,earnings_calls/amazon/amazon_2022_Q2.md,2741bca40d9fe75a86d5d4dc34cdcd5ccd47bcc0fbcd6c2af95f68eba162ba89,https://s2.q4cdn.com/299287126/files/doc_financials/2022/q2/Amazon-Quarterly-Earnings-Report-Q2-2022-Full-Call-v1.mp3,machine_transcript_whisper_of_official_ir_audio,already_present,captions,whisper_unit,transition_phrase_heuristic,0,354,117,237,0,0,0,0,0,0,0,0,16,0,0,0,0,"machine transcript (Whisper), no speaker labels; 354 units, outside the typical 400-900",absent,no_committed_file,filter_earnings_calls.py@sha256:3a9b355c5877/canonical-v2
amazon_2022_Q3,amazon,AMZN,2022_Q3,2022,3,Q3 2022 (calendar),2022-10-27,transcript_text,earnings_calls/amazon/amazon_2022_Q3.md,4b628950226e6ebed15b5ebd723ef2d94d66ddbcc9d96265b9e9c8793b998577,https://s2.q4cdn.com/299287126/files/doc_financials/2022/q3/Amazon-Quarterly-Earnings-Call-Q3-2022-Full-Call-v2.wav,machine_transcript_whisper_of_official_ir_audio,already_present,captions,whisper_unit,transition_phrase_heuristic,0,320,90,230,2,1,1,1,0,0,0,0,12,0,0,0,0,"machine transcript (Whisper), no speaker labels; call opening not detected: source may start mid-call; 320 units, outside the typical 400-900",absent,no_committed_file,filter_earnings_calls.py@sha256:3a9b355c5877/canonical-v2
amazon_2022_Q4,amazon,AMZN,2022_Q4,2022,4,Q4 2022 (calendar),2023-02-02,transcript_text,earnings_calls/amazon/amazon_2022_Q4.md,e09bb0c6de3c269c001ad0839c78e00f5d81fc63b7750a56b9f7b08427fa15bc,https://s2.q4cdn.com/299287126/files/doc_financials/2022/q4/Amazon-Quarterly-Earnings-Call-Q4-2022-Full-Call-v1.mp3,machine_transcript_whisper_of_official_ir_audio,already_present,captions,whisper_unit,transition_phrase_heuristic,0,381,110,271,1,0,1,1,0,0,0,0,5,0,0,0,0,"machine transcript (Whisper), no speaker labels; 381 units, outside the typical 400-900",present,match,filter_earnings_calls.py@sha256:3a9b355c5877/canonical-v2
amazon_2023_Q1,amazon,AMZN,2023_Q1,2023,1,Q1 2023 (calendar),,not_stated_in_source_file,earnings_calls/amazon/amazon_2023_Q1.md,cbdbf869390e723dc774c1489af5d736ca7a31f0f6b09bf54f7870c3cfe91293,https://s2.q4cdn.com/299287126/files/doc_financials/2023/q1/Amazon-Quarterly-Earnings-Report-Q1-2023-Full-Call-v1.mp3,machine_transcript_whisper_of_official_ir_audio,already_present,captions,whisper_unit,transition_phrase_heuristic,0,546,174,372,38,5,33,8,8,0,0,1,11,0,0,0,0,"machine transcript (Whisper), no speaker labels",present,match,filter_earnings_calls.py@sha256:3a9b355c5877/canonical-v2
amazon_2023_Q2,amazon,AMZN,2023_Q2,2023,2,Q2 2023 (calendar),,not_stated_in_source_file,earnings_calls/amazon/amazon_2023_Q2.md,0c279bd816af3b8f20f4ed3e5f8f572587d677b556f06303dae9dbeadfa9c81d,https://s2.q4cdn.com/299287126/files/doc_financials/2023/q2/Amazon-Quarterly-Earnings-Report-Q2-2023-Full-Call-v1.mp3,machine_transcript_whisper_of_official_ir_audio,already_present,captions,whisper_unit,transition_phrase_heuristic,0,364,186,178,54,37,17,4,9,0,0,1,7,0,0,0,0,"machine transcript (Whisper), no speaker labels; call opening not detected: source may start mid-call; 364 units, outside the typical 400-900",present,match,filter_earnings_calls.py@sha256:3a9b355c5877/canonical-v2
amazon_2023_Q3,amazon,AMZN,2023_Q3,2023,3,Q3 2023 (calendar),2023-10-26,transcript_text,earnings_calls/amazon/amazon_2023_Q3.md,5f6e7a982f95264df666484eeffe2dc9ca4e6824d55da46831becaa08139d8ab,https://s2.q4cdn.com/299287126/files/doc_financials/2023/q3/Amazon-_-Quarterly-Earnings-Call-2023-Q3-2.mp3,machine_transcript_whisper_of_official_ir_audio,already_present,captions,whisper_unit,transition_phrase_heuristic,0,392,175,217,73,35,38,13,2,0,0,6,6,0,0,0,0,"machine transcript (Whisper), no speaker labels; 392 units, outside the typical 400-900",present,match,filter_earnings_calls.py@sha256:3a9b355c5877/canonical-v2
amazon_2023_Q4,amazon,AMZN,2023_Q4,2023,4,Q4 2023 (calendar),,not_stated_in_source_file,earnings_calls/amazon/amazon_2023_Q4.md,6e677d4bf3e9aac0482f6a2dd7fbe8e19916d1674529af453d670a904a8e61a0,https://s2.q4cdn.com/299287126/files/doc_financials/2023/q4/Amazon-Earnings-Call-Q4-2023-Full-Call-v1.wav,machine_transcript_whisper_of_official_ir_audio,already_present,captions,whisper_unit,transition_phrase_heuristic,0,442,180,262,50,28,22,7,5,0,0,1,8,0,0,0,0,"machine transcript (Whisper), no speaker labels",present,match,filter_earnings_calls.py@sha256:3a9b355c5877/canonical-v2
amazon_2024_Q1,amazon,AMZN,2024_Q1,2024,1,Q1 2024 (calendar),,not_stated_in_source_file,earnings_calls/amazon/amazon_2024_Q1.md,0f7658c289adab69988c5c408aad8bfc5c08a62e76d20eb7e64f65f9439748a2,https://s2.q4cdn.com/299287126/files/doc_financials/2024/q1/Amazon-Earnings-Call-Q1-2024-Full-Call-v1.wav,machine_transcript_whisper_of_official_ir_audio,already_present,captions,whisper_unit,transition_phrase_heuristic,0,457,204,253,56,37,19,12,3,0,0,4,18,0,0,0,0,"machine transcript (Whisper), no speaker labels",present,match,filter_earnings_calls.py@sha256:3a9b355c5877/canonical-v2
amazon_2024_Q2,amazon,AMZN,2024_Q2,2024,2,Q2 2024 (calendar),2024-08-01,transcript_text,earnings_calls/amazon/amazon_2024_Q2.md,30fceb7c3394f58c4f0b7f7dabcfe19db130167c8c1416df7177585654fafe95,https://s2.q4cdn.com/299287126/files/doc_financials/2024/q2/Amazon-Earnings-Call-Q2-2024-Full-Call-v1.wav,machine_transcript_whisper_of_official_ir_audio,already_present,captions,whisper_unit,transition_phrase_heuristic,0,409,191,218,53,33,20,7,4,0,0,2,10,0,0,0,0,"machine transcript (Whisper), no speaker labels",present,match,filter_earnings_calls.py@sha256:3a9b355c5877/canonical-v2
amazon_2024_Q3,amazon,AMZN,2024_Q3,2024,3,Q3 2024 (calendar),,not_stated_in_source_file,earnings_calls/amazon/amazon_2024_Q3.md,33113a83b9a2218a497b891965fc5546330fc8cf2ea93d9ca3694a5ae0cbc1cd,https://s2.q4cdn.com/299287126/files/doc_financials/2024/q3/Amazon-Quarterly-Earnings-Report-Q3-2024-Full-Call-v2.wav,machine_transcript_whisper_of_official_ir_audio,already_present,captions,whisper_unit,transition_phrase_heuristic,0,411,176,235,58,32,26,10,5,0,0,11,17,0,0,0,0,"machine transcript (Whisper), no speaker labels",present,match,filter_earnings_calls.py@sha256:3a9b355c5877/canonical-v2
amazon_2024_Q4,amazon,AMZN,2024_Q4,2024,4,Q4 2024 (calendar),2025-02-06,transcript_text,earnings_calls/amazon/amazon_2024_Q4.md,44ad5d33e6524d8b6c0a7f60df25fd87bb77c0c52ed48eb1f2269210f72a9363,https://ir.aboutamazon.com/files/doc_financials/2024/q4/Amazon-Quarterly-Earnings-Report-Q4-2024-Full-Call-v1.wav,machine_transcript_whisper_of_official_ir_audio,already_present,captions,whisper_unit,transition_phrase_heuristic,0,384,198,186,82,37,45,15,9,0,0,14,19,0,0,0,0,"machine transcript (Whisper), no speaker labels; 384 units, outside the typical 400-900",present,match,filter_earnings_calls.py@sha256:3a9b355c5877/canonical-v2
amazon_2025_Q1,amazon,AMZN,2025_Q1,2025,1,Q1 2025 (calendar),2025-05-01,transcript_text,earnings_calls/amazon/amazon_2025_Q1.md,908781ad24b1e0c79ad4b8abd072d08a53df12ef28581dae168ec32f7d53d1b7,https://s2.q4cdn.com/299287126/files/doc_financials/2025/q1/Amazon-Quarterly-Earnings-Report-Q1-2025-Full-Call.mp3,machine_transcript_whisper_of_official_ir_audio,already_present,captions,whisper_unit,transition_phrase_heuristic,0,444,205,239,70,35,35,22,3,0,0,2,12,0,0,0,0,"machine transcript (Whisper), no speaker labels",present,match,filter_earnings_calls.py@sha256:3a9b355c5877/canonical-v2
amazon_2025_Q2,amazon,AMZN,2025_Q2,2025,2,Q2 2025 (calendar),2025-07-31,transcript_text,earnings_calls/amazon/amazon_2025_Q2.md,e161fd5e38d59db76de0a03d4d8d7a6bc8e109db1385b990b1adad6cdcebac80,https://s2.q4cdn.com/299287126/files/doc_financials/2025/q2/Amazon-Quarterly-Earnings-Report-Q2-2025-Full-Call.mp3,machine_transcript_whisper_of_official_ir_audio,already_present,captions,whisper_unit,transition_phrase_heuristic,0,492,226,266,80,28,52,36,2,0,0,9,11,0,0,0,0,"machine transcript (Whisper), no speaker labels",present,match,filter_earnings_calls.py@sha256:3a9b355c5877/canonical-v2
amazon_2025_Q3,amazon,AMZN,2025_Q3,2025,3,Q3 2025 (calendar),2025-10-30,transcript_text,earnings_calls/amazon/amazon_2025_Q3.md,19357f34ef5beb4ee7de51683f68f76a0d490cc7afeb04fd4eb3843246bda39d,https://s2.q4cdn.com/299287126/files/doc_financials/2025/q3/Amazon-Quarterly-Earnings-Report-Q3-2025-Full-Call-v1.mp3,machine_transcript_whisper_of_official_ir_audio,already_present,captions,whisper_unit,transition_phrase_heuristic,0,451,218,233,76,44,32,25,6,0,0,7,10,0,0,0,0,"machine transcript (Whisper), no speaker labels",present,match,filter_earnings_calls.py@sha256:3a9b355c5877/canonical-v2
amazon_2025_Q4,amazon,AMZN,2025_Q4,2025,4,Q4 2025 (calendar),2026-02-05,transcript_text,earnings_calls/amazon/amazon_2025_Q4.md,6cd104a53fab97bece3659f3e7f1008d17cf88f6c2c123345ab9202587c91f54,https://s2.q4cdn.com/299287126/files/doc_financials/2025/q4/Amazon-Quarterly-Earnings-Report-Q4-2025-Full-Call-v1.mp3,machine_transcript_whisper_of_official_ir_audio,already_present,captions,whisper_unit,transition_phrase_heuristic,0,522,249,273,96,52,44,29,9,0,0,6,9,0,0,0,0,"machine transcript (Whisper), no speaker labels",present,match,filter_earnings_calls.py@sha256:3a9b355c5877/canonical-v2
amazon_2026_Q1,amazon,AMZN,2026_Q1,2026,1,Q1 2026 (calendar),2026-04-29,transcript_text,earnings_calls/amazon/amazon_2026_Q1.md,b4264aeb2485c497a2bdadc82c2736d61d3489ce468cbf0cd36de336cbaeb75d,https://s2.q4cdn.com/299287126/files/doc_financials/2026/q1/generic/Amazon-Quarterly-Earnings-Report-Q1-2026-Full-Call.mp3,machine_transcript_whisper_of_official_ir_audio,already_present,captions,whisper_unit,transition_phrase_heuristic,0,425,217,208,100,48,52,20,5,0,0,2,15,0,0,0,0,"machine transcript (Whisper), no speaker labels",present,match,filter_earnings_calls.py@sha256:3a9b355c5877/canonical-v2
amazon_2026_Q2,amazon,AMZN,2026_Q2,2026,2,Q2 2026 (calendar),,not_stated_in_source_file,earnings_calls/amazon/amazon_2026_Q2.md,4cb4efbf8cc825707ab57bbf38785301cc24dc43697f0f72efe12d3c46b903f4,https://s2.q4cdn.com/299287126/files/doc_financials/2026/q2/Amazon-Quarterly-Earnings-Report-Q2-2026-Full-Call-v1.mp3,machine_transcript_whisper_of_official_ir_audio,already_present,captions,whisper_unit,transition_phrase_heuristic,0,427,231,196,87,48,39,24,10,0,0,5,20,0,0,0,0,"machine transcript (Whisper), no speaker labels",present,match,filter_earnings_calls.py@sha256:3a9b355c5877/canonical-v2
apple_FY22_Q1,apple,AAPL,FY22_Q1,2021,4,FY22 Q1 (fiscal; FY ends last Saturday of September),,not_stated_in_source_file,earnings_calls/apple/apple_FY22_Q1.md,1efd99d7d03f3ab3a836004a0aa8f8c598f68c3b220ed3f070d85da444605750,https://www.fool.com/earnings/call-transcripts/2022/01/28/apple-aapl-q1-2022-earnings-call-transcript/,third_party_transcript_motley_fool,already_present,fool,sentence,explicit_section_header,1,485,152,333,1,1,0,1,0,0,0,0,0,0,0,0,0,,absent,no_committed_file,filter_earnings_calls.py@sha256:3a9b355c5877/canonical-v2
apple_FY22_Q2,apple,AAPL,FY22_Q2,2022,1,FY22 Q2 (fiscal; FY ends last Saturday of September),,not_stated_in_source_file,earnings_calls/apple/apple_FY22_Q2.md,ff6e8eb01c804d6bae6fbf3a816cfd8632546d55de928eaa6aec64236300c0d3,https://www.fool.com/earnings/call-transcripts/2022/04/29/apple-aapl-q2-2022-earnings-call-transcript/,third_party_transcript_motley_fool,already_present,fool,sentence,explicit_section_header,1,497,152,345,0,0,0,0,0,0,0,0,0,0,0,0,0,,absent,no_committed_file,filter_earnings_calls.py@sha256:3a9b355c5877/canonical-v2
apple_FY22_Q3,apple,AAPL,FY22_Q3,2022,2,FY22 Q3 (fiscal; FY ends last Saturday of September),,not_stated_in_source_file,earnings_calls/apple/apple_FY22_Q3.md,14b02b8cfdd474aec1e268bb53cb6a5d344d3b6d2a0e4c68ff7b2add36c4b4da,https://www.fool.com/earnings/call-transcripts/2022/07/28/apple-aapl-q3-2022-earnings-call-transcript/,third_party_transcript_motley_fool,already_present,fool,sentence,explicit_section_header,1,435,141,294,1,1,0,0,0,0,0,0,0,0,0,0,0,,absent,no_committed_file,filter_earnings_calls.py@sha256:3a9b355c5877/canonical-v2
apple_FY22_Q4,apple,AAPL,FY22_Q4,2022,3,FY22 Q4 (fiscal; FY ends last Saturday of September),,not_stated_in_source_file,earnings_calls/apple/apple_FY22_Q4.md,fb877eea9b20544070e00e864a3a71c2a9c6c1c3fbd04c2fdc74b11c4b226879,https://www.fool.com/earnings/call-transcripts/2022/10/27/apple-aapl-q4-2022-earnings-call-transcript/,third_party_transcript_motley_fool,already_present,fool,sentence,explicit_section_header,1,485,170,315,0,0,0,0,0,0,0,1,6,0,0,0,0,,absent,no_committed_file,filter_earnings_calls.py@sha256:3a9b355c5877/canonical-v2
apple_FY23_Q1,apple,AAPL,FY23_Q1,2022,4,FY23 Q1 (fiscal; FY ends last Saturday of September),,not_stated_in_source_file,earnings_calls/apple/apple_FY23_Q1.md,af81826a1a5244b1673bf45626ddcdd21e3f740cd496ea0e9c412440535032ca,https://www.fool.com/earnings/call-transcripts/2023/02/02/apple-aapl-q1-2023-earnings-call-transcript/,third_party_transcript_motley_fool,already_present,fool,sentence,explicit_section_header,1,512,186,326,2,1,1,1,0,0,0,0,0,0,0,0,0,,present,differs,filter_earnings_calls.py@sha256:3a9b355c5877/canonical-v2
apple_FY23_Q2,apple,AAPL,FY23_Q2,2023,1,FY23 Q2 (fiscal; FY ends last Saturday of September),,not_stated_in_source_file,earnings_calls/apple/apple_FY23_Q2.md,cb11448787b472b2251e5f50350530c67ec492daaa2ae9c3dcd15c80fedf892b,https://youtu.be/Anzn-ugjoWI,youtube_auto_captions,already_present,captions,caption_segment,transition_phrase_heuristic,0,117,47,70,4,0,4,0,0,0,0,0,0,0,0,0,0,"YouTube auto-captions, no speaker labels; 14 pre-call livestream segments dropped; unpunctuated captions: units are ~30s caption segments, not sentences; 117 units, outside the typical 400-900",present,match,filter_earnings_calls.py@sha256:3a9b355c5877/canonical-v2
apple_FY23_Q3,apple,AAPL,FY23_Q3,2023,2,FY23 Q3 (fiscal; FY ends last Saturday of September),,not_stated_in_source_file,earnings_calls/apple/apple_FY23_Q3.md,6dd6048e5c88c1466c39ff97b1c8968646573695f81fb8e1e6748c13411ff18a,https://youtu.be/ZYgo6Tu8vcQ,youtube_auto_captions,already_present,captions,caption_sentence,transition_phrase_heuristic,1,469,156,313,5,0,5,0,0,0,0,0,0,0,0,0,0,"YouTube auto-captions, no speaker labels",present,match,filter_earnings_calls.py@sha256:3a9b355c5877/canonical-v2
apple_FY23_Q4,apple,AAPL,FY23_Q4,2023,3,FY23 Q4 (fiscal; FY ends last Saturday of September),,not_stated_in_source_file,earnings_calls/apple/apple_FY23_Q4.md,9c6c83f590d2cb9c319f6594e9f6b2b0408d009ec8c1e56b0bcbb6294eeb3df6,https://youtu.be/ZPddAyv0M6o,youtube_auto_captions,already_present,captions,caption_segment,transition_phrase_heuristic,0,116,52,64,5,0,5,0,0,0,0,0,3,0,0,0,0,"YouTube auto-captions, no speaker labels; 28 pre-call livestream segments dropped; unpunctuated captions: units are ~30s caption segments, not sentences; 116 units, outside the typical 400-900",present,match,filter_earnings_calls.py@sha256:3a9b355c5877/canonical-v2
apple_FY24_Q1,apple,AAPL,FY24_Q1,2023,4,FY24 Q1 (fiscal; FY ends last Saturday of September),,not_stated_in_source_file,earnings_calls/apple/apple_FY24_Q1.md,d2dd762e2f21073a1acdeb36d7e62d7fd169114c148f15f9a81efd0a3a11996d,https://youtu.be/8mcKFPWUX0E,youtube_auto_captions,already_present,captions,caption_segment,transition_phrase_heuristic,0,110,49,61,11,3,8,0,0,0,0,0,0,0,0,0,0,"YouTube auto-captions, no speaker labels; unpunctuated captions: units are ~30s caption segments, not sentences; 110 units, outside the typical 400-900",present,match,filter_earnings_calls.py@sha256:3a9b355c5877/canonical-v2
apple_FY24_Q2,apple,AAPL,FY24_Q2,2024,1,FY24 Q2 (fiscal; FY ends last Saturday of September),,not_stated_in_source_file,earnings_calls/apple/apple_FY24_Q2.md,28344de7b50509dbc643688cdc5d523488bf9a3e37209516bddfc663c13a770e,https://youtu.be/UCb008bIdeQ,youtube_auto_captions,already_present,captions,caption_segment,transition_phrase_heuristic,0,111,43,68,14,5,9,0,0,0,0,0,2,0,0,0,0,"YouTube auto-captions, no speaker labels; unpunctuated captions: units are ~30s caption segments, not sentences; 111 units, outside the typical 400-900",present,match,filter_earnings_calls.py@sha256:3a9b355c5877/canonical-v2
apple_FY24_Q3,apple,AAPL,FY24_Q3,2024,2,FY24 Q3 (fiscal; FY ends last Saturday of September),,not_stated_in_source_file,earnings_calls/apple/apple_FY24_Q3.md,2839f4df501c7d84fe0bb5862c67ae23d03a3748e2944a6a8f1123d3ab6c50ca,https://youtu.be/M1vCAca5aJ8,youtube_auto_captions,already_present,captions,caption_segment,transition_phrase_heuristic,0,113,45,68,31,10,21,0,0,0,0,0,2,0,0,0,0,"YouTube auto-captions, no speaker labels; 121 pre-call livestream segments dropped; unpunctuated captions: units are ~30s caption segments, not sentences; 113 units, outside the typical 400-900",present,match,filter_earnings_calls.py@sha256:3a9b355c5877/canonical-v2
apple_FY24_Q4,apple,AAPL,FY24_Q4,2024,3,FY24 Q4 (fiscal; FY ends last Saturday of September),,not_stated_in_source_file,earnings_calls/apple/apple_FY24_Q4.md,53dea81807b8a7caf43386d45881716b9e7584bebacc0aa1d2d3dd5a8655b072,https://www.fool.com/earnings/call-transcripts/2024/10/31/apple-aapl-q4-2024-earnings-call-transcript/,third_party_transcript_motley_fool,already_present,fool,sentence,explicit_section_header,1,512,149,363,35,10,25,1,1,0,0,0,5,0,0,0,0,,present,differs,filter_earnings_calls.py@sha256:3a9b355c5877/canonical-v2
apple_FY25_Q1,apple,AAPL,FY25_Q1,2024,4,FY25 Q1 (fiscal; FY ends last Saturday of September),,not_stated_in_source_file,earnings_calls/apple/apple_FY25_Q1.md,674114b71920683e469adfd2ffe4dea03eaf2326168f98d439c5eb47086bfb12,https://youtu.be/DCP8UZ6Cfp0,youtube_auto_captions,already_present,captions,caption_segment,transition_phrase_heuristic,0,107,44,63,24,8,16,0,0,0,0,0,2,0,0,0,0,"YouTube auto-captions, no speaker labels; unpunctuated captions: units are ~30s caption segments, not sentences; 107 units, outside the typical 400-900",present,match,filter_earnings_calls.py@sha256:3a9b355c5877/canonical-v2
apple_FY25_Q2,apple,AAPL,FY25_Q2,2025,1,FY25 Q2 (fiscal; FY ends last Saturday of September),,not_stated_in_source_file,earnings_calls/apple/apple_FY25_Q2.md,474834c851d4a0bc115302fe85efa9513da30e732c4a3f31f36b898c34a65c1c,https://youtu.be/PgTTJDzPADA,youtube_auto_captions,already_present,captions,caption_sentence,transition_phrase_heuristic,1,473,151,322,31,14,17,5,3,0,0,0,11,0,0,0,0,"YouTube auto-captions, no speaker labels",present,match,filter_earnings_calls.py@sha256:3a9b355c5877/canonical-v2
apple_FY25_Q3,apple,AAPL,FY25_Q3,2025,2,FY25 Q3 (fiscal; FY ends last Saturday of September),,not_stated_in_source_file,earnings_calls/apple/apple_FY25_Q3.md,d6f45abbdffdba4b7ca2b744a603ccc760bd97a13223439f87ad72832a4dcbb6,https://youtu.be/5eejMVdJsv4,youtube_auto_captions,already_present,captions,caption_sentence,transition_phrase_heuristic,1,480,175,305,35,13,22,3,0,0,0,0,11,0,0,0,0,"YouTube auto-captions, no speaker labels",present,match,filter_earnings_calls.py@sha256:3a9b355c5877/canonical-v2
apple_FY25_Q4,apple,AAPL,FY25_Q4,2025,3,FY25 Q4 (fiscal; FY ends last Saturday of September),,not_stated_in_source_file,earnings_calls/apple/apple_FY25_Q4.md,2dfee7a45a83a52366ed6e87abb70a0f1f89181cc3c9124a2463470bc10187a1,https://youtu.be/j2se-TYG3hw,youtube_auto_captions,already_present,captions,caption_sentence,transition_phrase_heuristic,1,531,172,359,29,15,14,3,1,0,0,0,6,0,0,0,0,"YouTube auto-captions, no speaker labels",present,match,filter_earnings_calls.py@sha256:3a9b355c5877/canonical-v2
apple_FY26_Q1,apple,AAPL,FY26_Q1,2025,4,FY26 Q1 (fiscal; FY ends last Saturday of September),,not_stated_in_source_file,earnings_calls/apple/apple_FY26_Q1.md,242608d485f40b04c67bcf1dd2fba2b3f0002c13e69898694ed21cfe160cb4c6,https://youtu.be/w3L3b_M8LEo,youtube_auto_captions,already_present,captions,caption_sentence,transition_phrase_heuristic,1,483,156,327,28,11,17,2,2,0,0,0,8,0,0,0,0,"YouTube auto-captions, no speaker labels",present,match,filter_earnings_calls.py@sha256:3a9b355c5877/canonical-v2
apple_FY26_Q2,apple,AAPL,FY26_Q2,2026,1,FY26 Q2 (fiscal; FY ends last Saturday of September),,not_stated_in_source_file,earnings_calls/apple/apple_FY26_Q2.md,a8202256ed8396c64d60b186ff74832f760046296de07829f745615a41e8009e,https://youtu.be/ZX0HuHkJ74U,youtube_auto_captions,already_present,captions,caption_sentence,transition_phrase_heuristic,1,530,223,307,25,16,9,2,3,0,0,0,0,0,0,0,0,"YouTube auto-captions, no speaker labels",present,match,filter_earnings_calls.py@sha256:3a9b355c5877/canonical-v2
apple_FY26_Q3,apple,AAPL,FY26_Q3,2026,2,FY26 Q3 (fiscal; FY ends last Saturday of September),,not_stated_in_source_file,earnings_calls/apple/apple_FY26_Q3.md,d59a15136af045d5e55a2c5ce8dbb91f55ea419fb362e105159c5e062b3b6c52,https://youtu.be/oFNfp4xIkV0,youtube_auto_captions,already_present,captions,caption_sentence,transition_phrase_heuristic,1,510,204,306,40,20,20,0,1,0,0,0,3,0,0,0,0,"YouTube auto-captions, no speaker labels",present,match,filter_earnings_calls.py@sha256:3a9b355c5877/canonical-v2
meta_2021_Q4,meta,META,2021_Q4,2021,4,Q4 2021 (calendar),2022-02-02,transcript_text,earnings_calls/meta/meta_2021_Q4.md,314b1664940a185972442faf0faf8e626a736b1237eef3a2c5af1e945031006b,https://s21.q4cdn.com/399680738/files/doc_financials/2021/q4/Meta-Q4-2021-Earnings-Call-Transcript.pdf,official_ir_transcript_pdf,acquired,meta,sentence,first_operator_turn_after_management,1,513,226,287,12,8,4,1,1,0,0,0,10,0,0,0,0,,absent,no_committed_file,filter_earnings_calls.py@sha256:3a9b355c5877/canonical-v2
meta_2022_Q1,meta,META,2022_Q1,2022,1,Q1 2022 (calendar),2022-04-27,transcript_text,earnings_calls/meta/meta_2022_Q1.md,dccd06c4a349c75fcd66201ce28271135c406586c3e95f2d6aab08b2a8e807a9,https://s21.q4cdn.com/399680738/files/doc_financials/2022/q1/Meta-Q1-2022-Earnings-Call-Transcript.pdf,official_ir_transcript_pdf,acquired,meta,sentence,first_operator_turn_after_management,1,517,202,315,22,12,10,1,1,0,0,6,8,0,0,3,0,,absent,no_committed_file,filter_earnings_calls.py@sha256:3a9b355c5877/canonical-v2
meta_2022_Q2,meta,META,2022_Q2,2022,2,Q2 2022 (calendar),2022-07-27,transcript_text,earnings_calls/meta/meta_2022_Q2.md,6dc0c814867953c290d5a2916737e86462cca9a1099972748b5dd129d32b8c86,https://s21.q4cdn.com/399680738/files/doc_financials/2022/q2/Meta-Q2-2022-Earnings-Call-Transcript.pdf,official_ir_transcript_pdf,acquired,meta,sentence,first_operator_turn_after_management,1,559,223,336,37,18,19,1,1,0,0,1,7,0,0,0,37,,absent,no_committed_file,filter_earnings_calls.py@sha256:3a9b355c5877/canonical-v2
meta_2022_Q3,meta,META,2022_Q3,2022,3,Q3 2022 (calendar),2022-10-26,transcript_text,earnings_calls/meta/meta_2022_Q3.md,9e2463d995227963ef1701306a802c13722cb8e462c76f73577707ea261d0e65,https://s21.q4cdn.com/399680738/files/doc_financials/2022/q3/Meta-Q3-2022-Earnings-Call-Transcript.pdf,official_ir_transcript_pdf,acquired,meta,sentence,first_operator_turn_after_management,1,464,176,288,32,12,20,2,2,0,0,0,22,0,0,0,32,,absent,no_committed_file,filter_earnings_calls.py@sha256:3a9b355c5877/canonical-v2
meta_2022_Q4,meta,META,2022_Q4,2022,4,Q4 2022 (calendar),2023-02-01,transcript_text,earnings_calls/meta/meta_2022_Q4.md,1e583bb65487fd5864781a3a9f2f85a5c624cc29b5ce9a2edea74b32c7249a83,https://s21.q4cdn.com/399680738/files/doc_financials/2022/q4/META-Q4-2022-Earnings-Call-Transcript.pdf,official_ir_transcript_pdf,already_present,meta,sentence,first_operator_turn_after_management,1,509,165,344,34,12,22,2,0,0,0,2,15,0,0,1,21,,present,match,filter_earnings_calls.py@sha256:3a9b355c5877/canonical-v2
meta_2023_Q1,meta,META,2023_Q1,2023,1,Q1 2023 (calendar),2023-04-26,transcript_text,earnings_calls/meta/meta_2023_Q1.md,eff5c70332447ceb2920efd330f4bfe70eabbad09e4bef5ef42356dac3c47fdc,https://s21.q4cdn.com/399680738/files/doc_financials/2023/q1/META-Q1-2023-Earnings-Call-Transcript.pdf,official_ir_transcript_pdf,already_present,meta,sentence,first_operator_turn_after_management,1,487,188,299,64,32,32,8,2,0,0,1,17,0,0,0,32,,present,match,filter_earnings_calls.py@sha256:3a9b355c5877/canonical-v2
meta_2023_Q2,meta,META,2023_Q2,2023,2,Q2 2023 (calendar),2023-07-26,transcript_text,earnings_calls/meta/meta_2023_Q2.md,ae9da7b1fa003766b5bb4efe58330753fae641c0e395005effcb3a094a760f10,https://s21.q4cdn.com/399680738/files/doc_financials/2023/q2/META-Q2-2023-Earnings-Call-Transcript.pdf,official_ir_transcript_pdf,already_present,meta,sentence,first_operator_turn_after_management,1,497,183,314,75,29,46,11,2,0,0,0,16,0,0,0,46,,present,match,filter_earnings_calls.py@sha256:3a9b355c5877/canonical-v2
meta_2023_Q3,meta,META,2023_Q3,2023,3,Q3 2023 (calendar),2023-10-25,transcript_text,earnings_calls/meta/meta_2023_Q3.md,c1848b57541f1db8c90d9730966615410e3379886093b6ccc82c615cdedb2c8d,https://s21.q4cdn.com/399680738/files/doc_earnings/2023/q3/transcript/META-Q3-2023-Earnings-Call-Transcript.pdf,official_ir_transcript_pdf,already_present,meta,sentence,first_operator_turn_after_management,1,471,204,267,77,39,38,5,1,0,0,1,23,0,0,0,38,,present,match,filter_earnings_calls.py@sha256:3a9b355c5877/canonical-v2
meta_2023_Q4,meta,META,2023_Q4,2023,4,Q4 2023 (calendar),2024-02-01,transcript_text,earnings_calls/meta/meta_2023_Q4.md,fcb04c956a9f57c733b8e1506c730fa925dc9d824607d0ddf3dfac566ac3b0ba,https://s21.q4cdn.com/399680738/files/doc_financials/2023/q4/META-Q4-2023-Earnings-Call-Transcript.pdf,official_ir_transcript_pdf,already_present,meta,sentence,first_operator_turn_after_management,1,467,228,239,83,49,34,4,5,0,0,5,18,0,0,0,34,,present,match,filter_earnings_calls.py@sha256:3a9b355c5877/canonical-v2
meta_2024_Q1,meta,META,2024_Q1,2024,1,Q1 2024 (calendar),2024-04-24,transcript_text,earnings_calls/meta/meta_2024_Q1.md,87ad2eedccbb88e709255b323d4e92e71f219693e0879107e93dfc39123e554e,https://s21.q4cdn.com/399680738/files/doc_financials/2024/q1/META-Q1-2024-Earnings-Call-Transcript.pdf,official_ir_transcript_pdf,already_present,meta,sentence,first_operator_turn_after_management,1,447,183,264,119,57,62,21,3,0,0,4,11,0,0,0,62,,present,match,filter_earnings_calls.py@sha256:3a9b355c5877/canonical-v2
meta_2024_Q2,meta,META,2024_Q2,2024,2,Q2 2024 (calendar),2024-07-31,transcript_text,earnings_calls/meta/meta_2024_Q2.md,42f073bee23fa3d976dd910a3e7645e9dec470caf4eff7e532aaccce4cf2c664,https://s21.q4cdn.com/399680738/files/doc_financials/2024/q2/META-Q2-2024-Earnings-Call-Transcript.pdf,official_ir_transcript_pdf,already_present,meta,sentence,first_operator_turn_after_management,1,468,195,273,111,53,58,13,4,0,0,2,26,0,0,0,58,,present,match,filter_earnings_calls.py@sha256:3a9b355c5877/canonical-v2
meta_2024_Q3,meta,META,2024_Q3,2024,3,Q3 2024 (calendar),2024-10-30,transcript_text,earnings_calls/meta/meta_2024_Q3.md,6ec4387d50ff779dddcc1dce81e6947e4d84457c58316d621b5de1648ef7cf4e,https://s21.q4cdn.com/399680738/files/doc_financials/2024/q3/META-Q3-2024-Earnings-Call-Transcript.pdf,official_ir_transcript_pdf,already_present,meta,sentence,first_operator_turn_after_management,1,443,176,267,85,37,48,9,6,0,0,0,28,0,0,0,48,,present,match,filter_earnings_calls.py@sha256:3a9b355c5877/canonical-v2
meta_2024_Q4,meta,META,2024_Q4,2024,4,Q4 2024 (calendar),2025-01-29,transcript_text,earnings_calls/meta/meta_2024_Q4.md,f44769dd4fd2c45bd404ca92e46e4d18084c9c43374f2290896086c9b64a74e3,https://s21.q4cdn.com/399680738/files/doc_financials/2024/q4/META-Q4-2024-Earnings-Call-Transcript.pdf,official_ir_transcript_pdf,already_present,meta,sentence,first_operator_turn_after_management,1,463,184,279,94,37,57,8,5,0,0,1,31,0,0,0,57,,present,match,filter_earnings_calls.py@sha256:3a9b355c5877/canonical-v2
meta_2025_Q1,meta,META,2025_Q1,2025,1,Q1 2025 (calendar),2025-04-30,transcript_text,earnings_calls/meta/meta_2025_Q1.md,b641496a2bf1b47098c82b3ce617b935cad62c278bfbd0ed81efa34474b1503e,https://s21.q4cdn.com/399680738/files/doc_financials/2025/q1/Transcripts/META-Q1-2025-Earnings-Call-Transcript-1.pdf,official_ir_transcript_pdf,already_present,meta,sentence,first_operator_turn_after_management,1,455,210,245,122,63,59,19,8,0,0,1,28,0,0,0,59,,present,match,filter_earnings_calls.py@sha256:3a9b355c5877/canonical-v2
meta_2025_Q2,meta,META,2025_Q2,2025,2,Q2 2025 (calendar),2025-07-30,transcript_text,earnings_calls/meta/meta_2025_Q2.md,a08e92534b1815f24a73317eb4978f30fbc86f026fe8142572f6da467e1e6c01,https://s21.q4cdn.com/399680738/files/doc_financials/2025/q2/META-Q2-2025-Earnings-Call-Transcript.pdf,official_ir_transcript_pdf,already_present,meta,sentence,first_operator_turn_after_management,1,451,207,244,112,61,51,19,4,0,0,0,33,0,0,1,50,,present,match,filter_earnings_calls.py@sha256:3a9b355c5877/canonical-v2
meta_2025_Q3,meta,META,2025_Q3,2025,3,Q3 2025 (calendar),2025-10-29,transcript_text,earnings_calls/meta/meta_2025_Q3.md,8aff35cae226159e5e5e4b804f19494e5b70b316124b0b64d5ac256417358fb1,https://s21.q4cdn.com/399680738/files/doc_financials/2025/q3/META-Q3-2025-Earnings-Call-Transcript.pdf,official_ir_transcript_pdf,already_present,meta,sentence,first_operator_turn_after_management,1,446,183,263,101,54,47,25,4,0,0,9,31,0,0,0,47,,present,match,filter_earnings_calls.py@sha256:3a9b355c5877/canonical-v2
meta_2025_Q4,meta,META,2025_Q4,2025,4,Q4 2025 (calendar),2026-01-28,transcript_text,earnings_calls/meta/meta_2025_Q4.md,e6074d2495d22c5d94fb78b6b78f6caf10bad29ae40a9406a2843e3142d74d39,https://s21.q4cdn.com/399680738/files/doc_financials/2025/q4/META-Q4-2025-Earnings-Call-Transcript.pdf,official_ir_transcript_pdf,already_present,meta,sentence,first_operator_turn_after_management,1,477,194,283,112,63,49,42,9,0,0,0,24,0,0,0,49,,present,match,filter_earnings_calls.py@sha256:3a9b355c5877/canonical-v2
meta_2026_Q1,meta,META,2026_Q1,2026,1,Q1 2026 (calendar),2026-04-29,transcript_text,earnings_calls/meta/meta_2026_Q1.md,897085468cff7c0ee9dac0625f12c9998cd61818d812d3f85b1d0f307335dab0,https://s21.q4cdn.com/399680738/files/doc_financials/2026/q1/META-Q1-2026-Earnings-Call-Transcript.pdf,official_ir_transcript_pdf,already_present,meta,sentence,first_operator_turn_after_management,1,480,184,296,135,62,73,54,12,0,0,0,23,0,0,2,71,,present,match,filter_earnings_calls.py@sha256:3a9b355c5877/canonical-v2
meta_2026_Q2,meta,META,2026_Q2,2026,2,Q2 2026 (calendar),2026-07-29,transcript_text,earnings_calls/meta/meta_2026_Q2.md,e224f2966f2c4b18c19cd7fb85808f8c737a706449c48acd04c83eb16a800f83,https://s21.q4cdn.com/399680738/files/doc_financials/2026/q2/META-Q2-2026-Earnings-Call-Transcript.pdf,official_ir_transcript_pdf,already_present,meta,sentence,first_operator_turn_after_management,1,509,226,283,143,82,61,65,8,0,0,0,34,0,0,0,61,,present,match,filter_earnings_calls.py@sha256:3a9b355c5877/canonical-v2
microsoft_FY22_Q2,microsoft,MSFT,FY22_Q2,2021,4,FY22 Q2 (fiscal; FY ends June 30),2022-01-25,transcript_text,earnings_calls/microsoft/microsoft_FY22_Q2.md,76e2bcf42947b643b33f67776096cf80521b078cd0bd8f372278a652308029cb,https://cdn-dynmedia-1.microsoft.com/is/content/microsoftcorp/TranscriptFY22Q2,official_ir_transcript_docx,acquired,msft,sentence,transition_phrase_heuristic,1,448,261,187,9,7,2,4,0,0,0,4,14,57,8,0,0,,absent,no_committed_file,filter_earnings_calls.py@sha256:3a9b355c5877/canonical-v2
microsoft_FY22_Q3,microsoft,MSFT,FY22_Q3,2022,1,FY22 Q3 (fiscal; FY ends June 30),2022-04-26,transcript_text,earnings_calls/microsoft/microsoft_FY22_Q3.md,9fcbbe79fcc7954eb94a39343dcf117a4b2b70c362f9375797e94d59751ec5d2,https://cdn-dynmedia-1.microsoft.com/is/content/microsoftcorp/TranscriptFY22Q3,official_ir_transcript_docx,acquired,msft,sentence,transition_phrase_heuristic,1,453,213,240,13,5,8,1,1,0,0,5,21,66,16,0,0,,absent,no_committed_file,filter_earnings_calls.py@sha256:3a9b355c5877/canonical-v2
microsoft_FY22_Q4,microsoft,MSFT,FY22_Q4,2022,2,FY22 Q4 (fiscal; FY ends June 30),2022-07-26,transcript_text,earnings_calls/microsoft/microsoft_FY22_Q4.md,76200f2c78aefa946f0ff26fa76909229c4cb0409ec877bb5657acb44ed99a26,https://cdn-dynmedia-1.microsoft.com/is/content/microsoftcorp/TranscriptFY22Q4,official_ir_transcript_docx,acquired,msft,sentence,transition_phrase_heuristic,1,466,284,182,9,8,1,2,0,0,0,0,13,51,10,0,0,,absent,no_committed_file,filter_earnings_calls.py@sha256:3a9b355c5877/canonical-v2
microsoft_FY23_Q1,microsoft,MSFT,FY23_Q1,2022,3,FY23 Q1 (fiscal; FY ends June 30),2022-10-25,transcript_text,earnings_calls/microsoft/microsoft_FY23_Q1.md,aa3414d3fa15bdac08342631cda9b7bb3b9d0b3a6a741aeac62395eeca505256,https://cdn-dynmedia-1.microsoft.com/is/content/microsoftcorp/TranscriptFY23Q1,official_ir_transcript_docx,acquired,msft,sentence,transition_phrase_heuristic,1,509,267,242,23,8,15,5,2,0,0,2,8,67,15,0,0,,absent,no_committed_file,filter_earnings_calls.py@sha256:3a9b355c5877/canonical-v2
microsoft_FY23_Q2,microsoft,MSFT,FY23_Q2,2022,4,FY23 Q2 (fiscal; FY ends June 30),2023-01-24,transcript_text,earnings_calls/microsoft/microsoft_FY23_Q2.md,efa5ea5823c22706d0032b1933c3712fba37d26f558b0c0fc83b1332148eb452,https://www.microsoft.com/en-us/investor/events/fy-2023/earnings-fy-2023-q2,official_ir_transcript_html,already_present,msft,sentence,transition_phrase_heuristic,1,485,285,200,49,28,21,5,2,0,0,2,7,54,8,0,0,,present,match,filter_earnings_calls.py@sha256:3a9b355c5877/canonical-v2
microsoft_FY23_Q3,microsoft,MSFT,FY23_Q3,2023,1,FY23 Q3 (fiscal; FY ends June 30),2023-04-25,transcript_text,earnings_calls/microsoft/microsoft_FY23_Q3.md,9bfb6e491a4a6b0d69885b170f022fbf89e26a9b47882504e4bbe01b3b75c044,https://www.microsoft.com/en-us/investor/events/fy-2023/earnings-fy-2023-q3,official_ir_transcript_html,already_present,msft,sentence,transition_phrase_heuristic,1,464,267,197,79,47,32,3,0,0,0,0,11,61,8,0,0,,present,match,filter_earnings_calls.py@sha256:3a9b355c5877/canonical-v2
microsoft_FY23_Q4,microsoft,MSFT,FY23_Q4,2023,2,FY23 Q4 (fiscal; FY ends June 30),2023-07-25,transcript_text,earnings_calls/microsoft/microsoft_FY23_Q4.md,e216fc51d874e144088b1ed256509da67f3e8f343bd60c4f6b3712325e2831e6,https://www.microsoft.com/en-us/investor/events/fy-2023/earnings-fy-2023-q4,official_ir_transcript_html,already_present,msft,sentence,transition_phrase_heuristic,1,516,266,250,101,47,54,0,5,0,0,2,20,65,8,0,0,,present,match,filter_earnings_calls.py@sha256:3a9b355c5877/canonical-v2
microsoft_FY24_Q1,microsoft,MSFT,FY24_Q1,2023,3,FY24 Q1 (fiscal; FY ends June 30),2023-10-24,transcript_text,earnings_calls/microsoft/microsoft_FY24_Q1.md,5130e06564f253db7d3cab119ebf4da220f8256412026d526f87036199f601c0,https://www.microsoft.com/en-us/investor/events/fy-2024/earnings-fy-2024-q1,official_ir_transcript_html,already_present,msft,sentence,transition_phrase_heuristic,1,476,270,206,90,58,32,3,4,0,0,1,9,59,8,0,0,,present,match,filter_earnings_calls.py@sha256:3a9b355c5877/canonical-v2
microsoft_FY24_Q2,microsoft,MSFT,FY24_Q2,2023,4,FY24 Q2 (fiscal; FY ends June 30),2024-01-30,transcript_text,earnings_calls/microsoft/microsoft_FY24_Q2.md,6a1d65007eadc70766a136f5f318bd0f86ee268ccd40cfd6e04549c12bf82ee5,https://www.microsoft.com/en-us/investor/events/fy-2024/earnings-fy-2024-q2,official_ir_transcript_html,already_present,msft,sentence,transition_phrase_heuristic,1,522,263,259,123,70,53,12,4,0,0,0,15,60,8,0,0,,present,match,filter_earnings_calls.py@sha256:3a9b355c5877/canonical-v2
microsoft_FY24_Q3,microsoft,MSFT,FY24_Q3,2024,1,FY24 Q3 (fiscal; FY ends June 30),2024-04-25,transcript_text,earnings_calls/microsoft/microsoft_FY24_Q3.md,2fb918ac0cf5527a7655c089595794ca63c35234072ba46e78319d9831d7bfb4,https://www.microsoft.com/en-us/investor/events/fy-2024/earnings-fy-2024-q3,official_ir_transcript_html,already_present,msft,sentence,transition_phrase_heuristic,1,502,250,252,118,71,47,6,5,0,0,1,12,80,8,0,0,,present,match,filter_earnings_calls.py@sha256:3a9b355c5877/canonical-v2
microsoft_FY24_Q4,microsoft,MSFT,FY24_Q4,2024,2,FY24 Q4 (fiscal; FY ends June 30),2024-07-30,transcript_text,earnings_calls/microsoft/microsoft_FY24_Q4.md,ad55bce9707b5f16de37048bbf70a61663ad8af0a1b3a1424d7ed0a101755722,https://www.microsoft.com/en-us/investor/events/fy-2024/earnings-fy-2024-q4,official_ir_transcript_html,already_present,msft,sentence,transition_phrase_heuristic,1,507,270,237,94,67,27,2,4,0,0,0,21,65,8,0,0,,present,match,filter_earnings_calls.py@sha256:3a9b355c5877/canonical-v2
microsoft_FY25_Q1,microsoft,MSFT,FY25_Q1,2024,3,FY25 Q1 (fiscal; FY ends June 30),2024-10-30,transcript_text,earnings_calls/microsoft/microsoft_FY25_Q1.md,cadc2de13902ddfa3953afa145d21a912c83b31747fcbf75b953758ebf356ea7,https://www.microsoft.com/en-us/investor/events/fy-2025/earnings-fy-2025-q1,official_ir_transcript_html,already_present,msft,sentence,transition_phrase_heuristic,1,524,264,260,140,80,60,17,9,0,0,1,18,68,8,0,0,,present,match,filter_earnings_calls.py@sha256:3a9b355c5877/canonical-v2
microsoft_FY25_Q2,microsoft,MSFT,FY25_Q2,2024,4,FY25 Q2 (fiscal; FY ends June 30),2025-01-29,transcript_text,earnings_calls/microsoft/microsoft_FY25_Q2.md,9eb0a943dcc53fca3985adfdfe6473c5bc845661f66add26504e2a97b93b021d,https://www.microsoft.com/en-us/investor/events/fy-2025/earnings-fy-2025-q2,official_ir_transcript_html,already_present,msft,sentence,transition_phrase_heuristic,1,501,252,249,142,78,64,22,4,0,0,0,17,59,8,0,0,,present,match,filter_earnings_calls.py@sha256:3a9b355c5877/canonical-v2
microsoft_FY25_Q3,microsoft,MSFT,FY25_Q3,2025,1,FY25 Q3 (fiscal; FY ends June 30),2025-04-30,transcript_text,earnings_calls/microsoft/microsoft_FY25_Q3.md,2e5056442866c942e64134000b7a3ba63a40132a6d112bcb90906b205283b19f,https://www.microsoft.com/en-us/investor/events/fy-2025/earnings-fy-2025-q3,official_ir_transcript_html,already_present,msft,sentence,transition_phrase_heuristic,1,485,254,231,116,79,37,22,9,0,0,0,33,59,8,0,0,,present,match,filter_earnings_calls.py@sha256:3a9b355c5877/canonical-v2
microsoft_FY25_Q4,microsoft,MSFT,FY25_Q4,2025,2,FY25 Q4 (fiscal; FY ends June 30),2025-07-30,transcript_text,earnings_calls/microsoft/microsoft_FY25_Q4.md,2c21206837a4d0894195a0f9505fe0b9b29565c96be703a21d3d02c2a4c222a9,https://www.microsoft.com/en-us/investor/events/fy-2025/earnings-fy-2025-q4,official_ir_transcript_html,already_present,msft,sentence,transition_phrase_heuristic,1,454,244,210,106,71,35,23,1,0,0,0,34,58,7,0,0,,present,match,filter_earnings_calls.py@sha256:3a9b355c5877/canonical-v2
microsoft_FY26_Q1,microsoft,MSFT,FY26_Q1,2025,3,FY26 Q1 (fiscal; FY ends June 30),2025-10-29,transcript_text,earnings_calls/microsoft/microsoft_FY26_Q1.md,7bff93d569483175948ba4fdd2f3c13430ba797568fd68fbd87d60df57eb9680,https://www.microsoft.com/en-us/investor/events/fy-2026/earnings-fy-2026-q1,official_ir_transcript_html,already_present,msft,sentence,transition_phrase_heuristic,1,508,249,259,125,87,38,25,8,0,0,0,20,58,7,0,0,,present,match,filter_earnings_calls.py@sha256:3a9b355c5877/canonical-v2
microsoft_FY26_Q2,microsoft,MSFT,FY26_Q2,2025,4,FY26 Q2 (fiscal; FY ends June 30),2026-01-28,transcript_text,earnings_calls/microsoft/microsoft_FY26_Q2.md,253bfa0848c6d1c689bd30c79c1eeaf6933b2dd9504788503136a004c194de40,https://www.microsoft.com/en-us/investor/events/fy-2026/earnings-fy-2026-q2,official_ir_transcript_html,already_present,msft,sentence,transition_phrase_heuristic,1,483,256,227,137,104,33,45,9,0,0,0,28,50,7,0,0,,present,match,filter_earnings_calls.py@sha256:3a9b355c5877/canonical-v2
microsoft_FY26_Q3,microsoft,MSFT,FY26_Q3,2026,1,FY26 Q3 (fiscal; FY ends June 30),2026-04-29,transcript_text,earnings_calls/microsoft/microsoft_FY26_Q3.md,3cfac37e6327a2ca797860b7c3eb2171924879e7a81b056769d1b1bdd8a324a3,https://www.microsoft.com/en-us/investor/events/fy-2026/earnings-fy-2026-q3,official_ir_transcript_html,already_present,msft,sentence,transition_phrase_heuristic,1,506,252,254,138,94,44,43,8,0,0,0,28,67,7,0,0,,present,match,filter_earnings_calls.py@sha256:3a9b355c5877/canonical-v2
microsoft_FY26_Q4,microsoft,MSFT,FY26_Q4,2026,2,FY26 Q4 (fiscal; FY ends June 30),2026-07-29,transcript_text,earnings_calls/microsoft/microsoft_FY26_Q4.md,2b07d2e81ea25bc4cf8222c0404ae941e4b6d7684c7cbf85d9b6a49aeb5dc513,https://www.microsoft.com/en-us/investor/events/fy-2026/earnings-fy-2026-q4,official_ir_transcript_html,already_present,msft,sentence,transition_phrase_heuristic,1,519,284,235,138,97,41,55,12,0,0,1,33,38,6,0,0,,present,match,filter_earnings_calls.py@sha256:3a9b355c5877/canonical-v2
nvidia_FY22_Q4,nvidia,NVDA,FY22_Q4,2021,4,FY22 Q4 (fiscal; FY ends last Sunday of January),2022-02-16,transcript_text,earnings_calls/nvidia/nvidia_FY22_Q4.md,bf330785a88b5f5af8307d17f629262af5a1230e8354d6910af159acf4e9cfb4,https://www.fool.com/earnings/call-transcripts/2022/02/17/nvidia-nvda-q4-2022-earnings-call-transcript/,third_party_transcript_motley_fool,already_present,fool,sentence,explicit_section_header,1,459,153,306,101,41,60,34,6,0,0,5,45,0,0,0,0,,absent,no_committed_file,filter_earnings_calls.py@sha256:3a9b355c5877/canonical-v2
nvidia_FY23_Q1,nvidia,NVDA,FY23_Q1,2022,1,FY23 Q1 (fiscal; FY ends last Sunday of January),2022-05-25,transcript_text,earnings_calls/nvidia/nvidia_FY23_Q1.md,dac11e5c6b1be8d44955013c9b9d00fe37475278a869ffa4ee414d930e8f989e,https://www.fool.com/earnings/call-transcripts/2022/05/26/nvidia-nvda-q1-2023-earnings-call-transcript/,third_party_transcript_motley_fool,already_present,fool,sentence,explicit_section_header,1,510,140,370,113,33,80,56,6,0,0,6,41,0,0,0,0,,absent,no_committed_file,filter_earnings_calls.py@sha256:3a9b355c5877/canonical-v2
nvidia_FY23_Q2,nvidia,NVDA,FY23_Q2,2022,2,FY23 Q2 (fiscal; FY ends last Sunday of January),2022-08-24,transcript_text,earnings_calls/nvidia/nvidia_FY23_Q2.md,c67560e93fa5da32583537eb2b6e9183e7c408918bcc8e3ada5aa40ce48cbdbc,https://www.fool.com/earnings/call-transcripts/2022/08/24/nvidia-nvda-q2-2023-earnings-call-transcript/,third_party_transcript_motley_fool,already_present,fool,sentence,explicit_section_header,1,503,119,384,74,21,53,39,5,0,0,0,58,0,0,0,0,,absent,no_committed_file,filter_earnings_calls.py@sha256:3a9b355c5877/canonical-v2
nvidia_FY23_Q3,nvidia,NVDA,FY23_Q3,2022,3,FY23 Q3 (fiscal; FY ends last Sunday of January),2022-11-16,transcript_text,earnings_calls/nvidia/nvidia_FY23_Q3.md,0537b0888642410071ab559331eb93695833caf0ea16bb68570a27b19fa0638c,https://www.fool.com/earnings/call-transcripts/2022/11/16/nvidia-nvda-q3-2023-earnings-call-transcript/,third_party_transcript_motley_fool,already_present,fool,sentence,explicit_section_header,1,480,128,352,70,33,37,21,9,0,0,1,55,0,0,0,0,,absent,no_committed_file,filter_earnings_calls.py@sha256:3a9b355c5877/canonical-v2
nvidia_FY23_Q4,nvidia,NVDA,FY23_Q4,2022,4,FY23 Q4 (fiscal; FY ends last Sunday of January),2023-02-22,file_metadata,earnings_calls/nvidia/nvidia_FY23_Q4.md,cfd7fc04006c602b26626f7596aa44cdfd6412d81ab7af1d1fa0dfcd2e5a1049,https://www.fool.com/earnings/call-transcripts/2023/02/22/nvidia-nvda-q4-2023-earnings-call-transcript/,third_party_transcript_motley_fool,already_present,fool,sentence,explicit_section_header,1,482,143,339,126,44,82,36,13,0,0,0,42,0,0,0,0,,present,match,filter_earnings_calls.py@sha256:3a9b355c5877/canonical-v2
nvidia_FY24_Q1,nvidia,NVDA,FY24_Q1,2023,1,FY24 Q1 (fiscal; FY ends last Sunday of January),2023-05-24,file_metadata,earnings_calls/nvidia/nvidia_FY24_Q1.md,bf05472f10100e8838cca6f91307508ae9f75a1c25b8beea264e1f5fc5560d7e,https://www.fool.com/earnings/call-transcripts/2023/05/24/nvidia-nvda-q1-2024-earnings-call-transcript/,third_party_transcript_motley_fool,already_present,fool,sentence,explicit_section_header,1,518,136,382,144,50,94,42,12,0,0,0,73,0,0,0,0,,present,match,filter_earnings_calls.py@sha256:3a9b355c5877/canonical-v2
nvidia_FY24_Q2,nvidia,NVDA,FY24_Q2,2023,2,FY24 Q2 (fiscal; FY ends last Sunday of January),2023-08-23,file_metadata,earnings_calls/nvidia/nvidia_FY24_Q2.md,35be1686b54b349f7d2a8ac337c9cd68562caeba2087a5b89371f8e3eff62a8e,https://www.fool.com/earnings/call-transcripts/2023/08/23/nvidia-nvda-q2-2024-earnings-call-transcript/,third_party_transcript_motley_fool,already_present,fool,sentence,explicit_section_header,1,470,147,323,138,58,80,35,14,0,0,1,56,0,0,0,0,,present,match,filter_earnings_calls.py@sha256:3a9b355c5877/canonical-v2
nvidia_FY24_Q3,nvidia,NVDA,FY24_Q3,2023,3,FY24 Q3 (fiscal; FY ends last Sunday of January),2023-11-21,file_metadata,earnings_calls/nvidia/nvidia_FY24_Q3.md,483eb124b73885fc18f28c80c919dcb4d3ec144e3ae4b10a3b34dc1305156147,https://www.fool.com/earnings/call-transcripts/2023/11/22/nvidia-nvda-q3-2024-earnings-call-transcript/,third_party_transcript_motley_fool,already_present,fool,sentence,explicit_section_header,1,541,146,395,193,65,128,40,13,0,0,0,36,0,0,0,0,,present,match,filter_earnings_calls.py@sha256:3a9b355c5877/canonical-v2
nvidia_FY24_Q4,nvidia,NVDA,FY24_Q4,2023,4,FY24 Q4 (fiscal; FY ends last Sunday of January),2024-02-21,transcript_text,earnings_calls/nvidia/nvidia_FY24_Q4.md,4958512b2ec38f4a361e14211ead0799f4f67686e941f5a089062069a08210ae,https://youtu.be/txOv_pi-_R4,youtube_auto_captions,already_present,captions,caption_sentence,transition_phrase_heuristic,1,511,152,359,143,74,69,27,12,0,0,2,44,0,0,0,0,"YouTube auto-captions, no speaker labels",present,match,filter_earnings_calls.py@sha256:3a9b355c5877/canonical-v2
nvidia_FY25_Q1,nvidia,NVDA,FY25_Q1,2024,1,FY25 Q1 (fiscal; FY ends last Sunday of January),2024-05-22,file_metadata,earnings_calls/nvidia/nvidia_FY25_Q1.md,be8011ff2cf393a456300bb8aa2b94b83e426aa5f7655100575aa793fd9111d5,https://www.fool.com/earnings/call-transcripts/2024/05/29/nvidia-nvda-q1-2025-earnings-call-transcript/,third_party_transcript_motley_fool,already_present,fool,sentence,explicit_section_header,1,484,178,306,166,95,71,74,8,0,0,0,42,0,0,0,0,,present,match,filter_earnings_calls.py@sha256:3a9b355c5877/canonical-v2
nvidia_FY25_Q2,nvidia,NVDA,FY25_Q2,2024,2,FY25 Q2 (fiscal; FY ends last Sunday of January),2024-08-28,file_metadata,earnings_calls/nvidia/nvidia_FY25_Q2.md,2d0d03a8ee01b7823c2396136967645bba70ec42669ed40b801ce07b0e502ce0,https://www.fool.com/earnings/call-transcripts/2024/08/28/nvidia-nvda-q2-2025-earnings-call-transcript/,third_party_transcript_motley_fool,already_present,fool,sentence,explicit_section_header,1,544,140,404,195,69,126,90,8,0,0,2,48,0,0,0,0,,present,match,filter_earnings_calls.py@sha256:3a9b355c5877/canonical-v2
nvidia_FY25_Q3,nvidia,NVDA,FY25_Q3,2024,3,FY25 Q3 (fiscal; FY ends last Sunday of January),2024-11-20,file_metadata,earnings_calls/nvidia/nvidia_FY25_Q3.md,29e65ba0abac7af4d670d4f1743f4f82939af401584feb91a29ac7b0b00c8efe,https://www.fool.com/earnings/call-transcripts/2024/11/20/nvidia-nvda-q3-2025-earnings-call-transcript/,third_party_transcript_motley_fool,already_present,fool,sentence,explicit_section_header,1,507,141,366,189,65,124,82,4,0,0,2,26,0,0,0,0,,present,match,filter_earnings_calls.py@sha256:3a9b355c5877/canonical-v2
nvidia_FY25_Q4,nvidia,NVDA,FY25_Q4,2024,4,FY25 Q4 (fiscal; FY ends last Sunday of January),2025-02-26,file_metadata,earnings_calls/nvidia/nvidia_FY25_Q4.md,d4aad024226cb89c60fee6ad9b3dbbf1544c4ba787c6dfa6894d534cacf87f02,https://www.fool.com/earnings/call-transcripts/2025/02/26/nvidia-nvda-q4-2025-earnings-call-transcript/,third_party_transcript_motley_fool,already_present,fool,sentence,explicit_section_header,1,505,155,350,187,66,121,75,11,0,0,5,26,0,0,0,0,,present,match,filter_earnings_calls.py@sha256:3a9b355c5877/canonical-v2
nvidia_FY26_Q1,nvidia,NVDA,FY26_Q1,2025,1,FY26 Q1 (fiscal; FY ends last Sunday of January),2025-05-28,file_metadata,earnings_calls/nvidia/nvidia_FY26_Q1.md,3099f89301482427d9638eadd3a57c248c28ac322317bba0203cc52a568f3463,,official_ir_pdf_factset_callstreet,already_present,factset,sentence,explicit_section_header,1,470,222,248,203,120,83,71,10,0,0,2,22,0,0,0,0,,present,match,filter_earnings_calls.py@sha256:3a9b355c5877/canonical-v2
nvidia_FY26_Q2,nvidia,NVDA,FY26_Q2,2025,2,FY26 Q2 (fiscal; FY ends last Sunday of January),2025-08-27,file_metadata,earnings_calls/nvidia/nvidia_FY26_Q2.md,ac47b369b011bc3113815b15ac3398a6a789fb526fe7cfe98febd43fb73bd204,,official_ir_pdf_factset_callstreet,already_present,factset,sentence,explicit_section_header,1,466,165,301,181,77,104,84,14,0,0,6,36,0,0,0,0,,present,match,filter_earnings_calls.py@sha256:3a9b355c5877/canonical-v2
nvidia_FY26_Q3,nvidia,NVDA,FY26_Q3,2025,3,FY26 Q3 (fiscal; FY ends last Sunday of January),2025-11-19,file_metadata,earnings_calls/nvidia/nvidia_FY26_Q3.md,d472876d3ec960d353231bea13d0704b0c6fd8ccde71a91fbf737580810402f6,,official_ir_pdf_factset_callstreet,already_present,factset,sentence,explicit_section_header,1,498,167,331,170,91,79,62,6,0,0,1,26,0,0,0,0,,present,match,filter_earnings_calls.py@sha256:3a9b355c5877/canonical-v2
nvidia_FY26_Q4,nvidia,NVDA,FY26_Q4,2025,4,FY26 Q4 (fiscal; FY ends last Sunday of January),2026-02-25,file_metadata,earnings_calls/nvidia/nvidia_FY26_Q4.md,01483ee38089e2e6162faf51c67323b82ae302c956542b1aea07f23aff160ecc,,official_ir_pdf_factset_callstreet,already_present,factset,sentence,explicit_section_header,1,509,135,374,172,65,107,80,6,0,0,1,37,0,0,0,0,,present,match,filter_earnings_calls.py@sha256:3a9b355c5877/canonical-v2
nvidia_FY27_Q1,nvidia,NVDA,FY27_Q1,2026,1,FY27 Q1 (fiscal; FY ends last Sunday of January),2026-05-20,file_metadata,earnings_calls/nvidia/nvidia_FY27_Q1.md,7c455eb3c69935c5d9be87c76220deb4781a98e63d468a04a7dc7a6dfc87e49b,,official_ir_pdf_factset_callstreet,already_present,factset,sentence,explicit_section_header,1,525,136,389,173,55,118,66,12,0,0,3,34,0,0,0,0,,present,match,filter_earnings_calls.py@sha256:3a9b355c5877/canonical-v2
nvidia_FY27_Q2,nvidia,NVDA,FY27_Q2,2026,2,FY27 Q2 (fiscal; FY ends last Sunday of January),2026-08-26,file_metadata,earnings_calls/nvidia/nvidia_FY27_Q2.md,7a96ddcdf405b3646f3f0d470a4d51fa297ade2e5cc87b7e3dd0f94cc9de55b4,,official_ir_pdf_factset_callstreet,already_present,factset,sentence,explicit_section_header,1,479,166,313,139,62,77,57,7,0,0,0,37,0,0,0,0,,present,match,filter_earnings_calls.py@sha256:3a9b355c5877/canonical-v2
tesla_2021_Q4,tesla,TSLA,2021_Q4,2021,4,Q4 2021 (calendar),,not_stated_in_source_file,earnings_calls/tesla/tesla_2021_Q4.md,00428f1c5143f7a58efdcf8b994eb63fd6679e0c3aedc89d50f91d803dd2cbf0,https://www.fool.com/earnings/call-transcripts/2022/01/27/tesla-tsla-q4-2021-earnings-call-transcript/,third_party_transcript_motley_fool,already_present,fool,sentence,transition_phrase_heuristic,1,538,124,414,38,6,32,24,4,0,0,5,6,0,0,5,0,,absent,no_committed_file,filter_earnings_calls.py@sha256:3a9b355c5877/canonical-v2
tesla_2022_Q1,tesla,TSLA,2022_Q1,2022,1,Q1 2022 (calendar),,not_stated_in_source_file,earnings_calls/tesla/tesla_2022_Q1.md,4cc9d1890aab19b62c98938b1686171c3dc820e2acef62f366e0735eac713680,https://youtu.be/kOyZ_Rypeto,youtube_auto_captions,already_present,captions,caption_segment,transition_phrase_heuristic,0,126,66,60,13,9,4,11,0,0,0,2,2,0,0,0,0,"YouTube auto-captions, no speaker labels; 8 pre-call livestream segments dropped; unpunctuated captions: units are ~30s caption segments, not sentences; 126 units, outside the typical 400-900",absent,no_committed_file,filter_earnings_calls.py@sha256:3a9b355c5877/canonical-v2
tesla_2022_Q2,tesla,TSLA,2022_Q2,2022,2,Q2 2022 (calendar),,not_stated_in_source_file,earnings_calls/tesla/tesla_2022_Q2.md,908fd683362cd57fcdfa0122c0a324412f86c45b1aea78016d22f18d200f7e12,https://www.fool.com/earnings/call-transcripts/2022/07/21/tesla-tsla-q2-2022-earnings-call-transcript/,third_party_transcript_motley_fool,already_present,fool,sentence,transition_phrase_heuristic,1,586,111,475,26,6,20,15,6,0,0,2,0,0,0,1,0,,absent,no_committed_file,filter_earnings_calls.py@sha256:3a9b355c5877/canonical-v2
tesla_2022_Q3,tesla,TSLA,2022_Q3,2022,3,Q3 2022 (calendar),,not_stated_in_source_file,earnings_calls/tesla/tesla_2022_Q3.md,d5db021c7be93659ea23411563b0e821718d8d2afc33659a9770d774a025d7e4,https://www.fool.com/earnings/call-transcripts/2022/10/20/tesla-tsla-q3-2022-earnings-call-transcript/,third_party_transcript_motley_fool,already_present,fool,sentence,transition_phrase_heuristic,1,591,285,306,22,11,11,12,0,0,0,3,2,0,0,1,0,,absent,no_committed_file,filter_earnings_calls.py@sha256:3a9b355c5877/canonical-v2
tesla_2022_Q4,tesla,TSLA,2022_Q4,2022,4,Q4 2022 (calendar),,not_stated_in_source_file,earnings_calls/tesla/tesla_2022_Q4.md,4da4316ae5e40288ed69e99589cf892c5f70010a93e7a8d3e5653ca1786f69e4,https://www.fool.com/earnings/call-transcripts/2023/01/26/tesla-tsla-q4-2022-earnings-call-transcript/,third_party_transcript_motley_fool,already_present,fool,sentence,transition_phrase_heuristic,1,517,90,427,37,4,33,21,4,0,0,0,1,0,0,1,0,,present,match,filter_earnings_calls.py@sha256:3a9b355c5877/canonical-v2
tesla_2023_Q1,tesla,TSLA,2023_Q1,2023,1,Q1 2023 (calendar),,not_stated_in_source_file,earnings_calls/tesla/tesla_2023_Q1.md,f8ef33dcf9c479681f7eace79c244562aa7f8e2f8c8d5d3ee469f6b37ef8bf8f,https://youtu.be/3MVIWeU36ZY,youtube_auto_captions,already_present,captions,caption_segment,transition_phrase_heuristic,0,121,18,103,21,7,14,15,0,0,0,0,3,0,0,0,0,"YouTube auto-captions, no speaker labels; 8 pre-call livestream segments dropped; unpunctuated captions: units are ~30s caption segments, not sentences; 121 units, outside the typical 400-900",present,match,filter_earnings_calls.py@sha256:3a9b355c5877/canonical-v2
tesla_2023_Q2,tesla,TSLA,2023_Q2,2023,2,Q2 2023 (calendar),,not_stated_in_source_file,earnings_calls/tesla/tesla_2023_Q2.md,e256e4b41647061287ee52444221e223db037aaedf7aa4de764bcf3b871fbd98,https://www.fool.com/earnings/call-transcripts/2023/07/19/tesla-tsla-q2-2023-earnings-call-transcript/,third_party_transcript_motley_fool,already_present,fool,sentence,transition_phrase_heuristic,1,590,102,488,61,19,42,29,5,0,0,9,6,0,0,2,0,,present,match,filter_earnings_calls.py@sha256:3a9b355c5877/canonical-v2
tesla_2023_Q3,tesla,TSLA,2023_Q3,2023,3,Q3 2023 (calendar),,not_stated_in_source_file,earnings_calls/tesla/tesla_2023_Q3.md,94d406911d36e7add4698615cb96a2b3839dd2b41d4e6a5b5cbb33ba252fa946,https://www.fool.com/earnings/call-transcripts/2023/10/18/tesla-tsla-q3-2023-earnings-call-transcript/,third_party_transcript_motley_fool,already_present,fool,sentence,transition_phrase_heuristic,1,529,73,456,34,10,24,22,3,0,0,12,3,0,0,21,0,,present,match,filter_earnings_calls.py@sha256:3a9b355c5877/canonical-v2
tesla_2023_Q4,tesla,TSLA,2023_Q4,2023,4,Q4 2023 (calendar),,not_stated_in_source_file,earnings_calls/tesla/tesla_2023_Q4.md,32f81741b78adf0354b17d4f2e5ba2c6b8a1e41b5b14c62664bdf4f793fd646a,https://www.fool.com/earnings/call-transcripts/2024/01/24/tesla-tsla-q4-2023-earnings-call-transcript/,third_party_transcript_motley_fool,already_present,fool,sentence,transition_phrase_heuristic,1,589,106,483,35,8,27,12,3,0,0,14,10,0,0,2,0,,present,match,filter_earnings_calls.py@sha256:3a9b355c5877/canonical-v2
tesla_2024_Q1,tesla,TSLA,2024_Q1,2024,1,Q1 2024 (calendar),,not_stated_in_source_file,earnings_calls/tesla/tesla_2024_Q1.md,4f42b6ad9cc675fe535a92eb73999defae3803c349ed33ca60df60f805e4b9d8,https://www.fool.com/earnings/call-transcripts/2024/04/23/tesla-tsla-q1-2024-earnings-call-transcript/,third_party_transcript_motley_fool,already_present,fool,sentence,transition_phrase_heuristic,1,640,85,555,71,17,54,45,7,0,0,7,16,0,0,4,0,,present,match,filter_earnings_calls.py@sha256:3a9b355c5877/canonical-v2
tesla_2024_Q2,tesla,TSLA,2024_Q2,2024,2,Q2 2024 (calendar),,not_stated_in_source_file,earnings_calls/tesla/tesla_2024_Q2.md,25e72bddaa6660c51fec907a307df6f71bbeadc38def9f4213d9838e83aeed7f,https://www.fool.com/earnings/call-transcripts/2024/07/24/tesla-tsla-q2-2024-earnings-call-transcript/,third_party_transcript_motley_fool,already_present,fool,sentence,transition_phrase_heuristic,1,542,106,436,84,18,66,48,13,0,0,16,19,0,0,0,0,,present,match,filter_earnings_calls.py@sha256:3a9b355c5877/canonical-v2
tesla_2024_Q3,tesla,TSLA,2024_Q3,2024,3,Q3 2024 (calendar),,not_stated_in_source_file,earnings_calls/tesla/tesla_2024_Q3.md,a51b9107292306c7066f874f070e87f445eef6dd8abf52d3d45e70800339c7b1,https://www.fool.com/earnings/call-transcripts/2024/10/23/tesla-tsla-q3-2024-earnings-call-transcript/,third_party_transcript_motley_fool,already_present,fool,sentence,transition_phrase_heuristic,1,603,210,393,90,31,59,55,3,0,0,5,10,0,0,0,0,,present,match,filter_earnings_calls.py@sha256:3a9b355c5877/canonical-v2
tesla_2024_Q4,tesla,TSLA,2024_Q4,2024,4,Q4 2024 (calendar),,not_stated_in_source_file,earnings_calls/tesla/tesla_2024_Q4.md,84a334e8a7be057af4ee5cba09cabb46370806e35ef449698a507ec5a1f87de1,https://www.fool.com/earnings/call-transcripts/2025/01/29/tesla-tsla-q4-2024-earnings-call-transcript/,third_party_transcript_motley_fool,already_present,fool,sentence,transition_phrase_heuristic,1,590,210,380,75,27,48,52,2,0,0,39,5,0,0,0,0,,present,match,filter_earnings_calls.py@sha256:3a9b355c5877/canonical-v2
tesla_2025_Q1,tesla,TSLA,2025_Q1,2025,1,Q1 2025 (calendar),,not_stated_in_source_file,earnings_calls/tesla/tesla_2025_Q1.md,527210715c350228a51fdc6048c586dc692a4e938697131a640d0ec38381c8e4,https://youtu.be/vs4cfyyMWhQ,youtube_auto_captions,already_present,captions,caption_sentence,transition_phrase_heuristic,1,697,184,513,56,18,38,44,2,0,0,19,2,0,0,0,0,"YouTube auto-captions, no speaker labels; 9 pre-call livestream segments dropped",present,match,filter_earnings_calls.py@sha256:3a9b355c5877/canonical-v2
tesla_2025_Q2,tesla,TSLA,2025_Q2,2025,2,Q2 2025 (calendar),,not_stated_in_source_file,earnings_calls/tesla/tesla_2025_Q2.md,f7ad1f75e5d0e0a46dda605b76f38d2e5a08194718c8b894b0ca50796eedadba,https://youtu.be/pLjG7a-NX7U,youtube_auto_captions,already_present,captions,caption_sentence,transition_phrase_heuristic,1,466,161,305,73,33,40,42,0,0,0,26,3,0,0,0,0,"YouTube auto-captions, no speaker labels; 6 pre-call livestream segments dropped",present,match,filter_earnings_calls.py@sha256:3a9b355c5877/canonical-v2
tesla_2025_Q3,tesla,TSLA,2025_Q3,2025,3,Q3 2025 (calendar),,not_stated_in_source_file,earnings_calls/tesla/tesla_2025_Q3.md,dc21cacc349b4346241493ea5f5b3be46ecb94ace5cf226cfa74f44dd0a648a9,https://youtu.be/GQ9S7xbkGAY,youtube_auto_captions,already_present,captions,caption_sentence,transition_phrase_heuristic,1,497,109,388,89,22,67,36,6,0,0,45,2,0,0,0,0,"YouTube auto-captions, no speaker labels; 12 pre-call livestream segments dropped",present,match,filter_earnings_calls.py@sha256:3a9b355c5877/canonical-v2
tesla_2025_Q4,tesla,TSLA,2025_Q4,2025,4,Q4 2025 (calendar),,not_stated_in_source_file,earnings_calls/tesla/tesla_2025_Q4.md,5b40f78f347a9db410b4b05f72391e44609a1e62a541f8d6f62663afc9e91a98,https://youtu.be/oK0UZEE9GPo,youtube_auto_captions,already_present,captions,caption_sentence,transition_phrase_heuristic,1,455,135,320,73,19,54,46,3,0,1,30,8,0,0,0,0,"YouTube auto-captions, no speaker labels; 5 pre-call livestream segments dropped",present,match,filter_earnings_calls.py@sha256:3a9b355c5877/canonical-v2
tesla_2026_Q1,tesla,TSLA,2026_Q1,2026,1,Q1 2026 (calendar),,not_stated_in_source_file,earnings_calls/tesla/tesla_2026_Q1.md,e5635bed6c0262e229630d0ee52854e593e1f5558ecae029f0965c9626736761,https://youtu.be/qO7T5zgRvXM,youtube_auto_captions,already_present,captions,caption_sentence,transition_phrase_heuristic,1,424,117,307,79,18,61,49,1,0,0,20,3,0,0,0,0,"YouTube auto-captions, no speaker labels",present,match,filter_earnings_calls.py@sha256:3a9b355c5877/canonical-v2
tesla_2026_Q2,tesla,TSLA,2026_Q2,2026,2,Q2 2026 (calendar),,not_stated_in_source_file,earnings_calls/tesla/tesla_2026_Q2.md,44519314cab486308e0b46a97aadf97f98f0430470cbe3b8de7db0d328a471f3,https://youtu.be/gashN6dPE5w,youtube_auto_captions,already_present,captions,caption_sentence,transition_phrase_heuristic,1,491,176,315,68,29,39,40,4,0,0,43,15,0,0,0,0,"YouTube auto-captions, no speaker labels",present,match,filter_earnings_calls.py@sha256:3a9b355c5877/canonical-v2
