source,period,n,mean_tone,share_negative_gt_0.5,share_positive_gt_0.5
calls_prepared,2021-2022,433,0.4300876555202946,0.013856812933025405,0.418013856812933
calls_prepared,2023-2026,4189,0.46411063958592597,0.022439723084268323,0.4862735736452614
calls_qa,2021-2022,586,0.2148095517222207,0.01877133105802048,0.189419795221843
calls_qa,2023-2026,4072,0.199653402687538,0.01424361493123772,0.1743614931237721
tenk_1a,2021-2022,78,-0.29264058745824373,0.5769230769230769,0.15384615384615385
tenk_1a,2023-2026,604,-0.17024905158481282,0.3658940397350993,0.14072847682119205
calls_prepared_NONAI_baseline,all,2500,0.34845113566350194,,
calls_qa_NONAI_baseline,all,2500,0.1664037307135761,,
tenk_1a_NONAI_baseline,all,2500,-0.25945726797692475,,
